id,email_address,first_name,last_name,address,city,county_name,state,zip,website_source,phone_number,gender,dob,registration_date,valid,extra,email_id,ethnicity,ownrent,domain,main_interest,sub_interest,latitude,longitude,uploaded,country,websource_id,interest_ids,DNC,source,first_name_norm,last_name_norm,zip_norm
1,user1@example.com,James,Smith,123 Main St,Springfield,Franklin,CA,90210,organic,555-010-0100,M,1980-01-01,2025-01-01,1,,eid0,U,O,example.com,tech,news,35.000000,-90.000000,2026-01-01,US,1,"1,2",0,vendor_a,james,smith,90210
2,user2@example.com,James,Smith,123 Main St,Springfield,Franklin,CA,00USA,organic,555-010-0100,M,1980-01-01,2025-01-01,1,,eid0,U,O,example.com,tech,news,35.000000,-90.000000,2026-01-01,US,1,"1,2",0,vendor_a,james,smith,00USA
3,user3@example.com,James,Smith,123 Main St,Springfield,Franklin,CA,0,organic,555-010-0100,M,1980-01-01,2025-01-01,1,,eid0,U,O,example.com,tech,news,35.000000,-90.000000,2026-01-01,US,1,"1,2",0,vendor_a,james,smith,0
4,user4@example.com,James,Smith,123 Main St,Springfield,Franklin,CA,000CA,organic,555-010-0100,M,1980-01-01,2025-01-01,1,,eid0,U,O,example.com,tech,news,35.000000,-90.000000,2026-01-01,US,1,"1,2",0,vendor_a,james,smith,000CA
5,user5@example.com,James,Smith,123 Main St,Springfield,Franklin,CA,015 8,organic,555-010-0100,M,1980-01-01,2025-01-01,1,,eid0,U,O,example.com,tech,news,35.000000,-90.000000,2026-01-01,US,1,"1,2",0,vendor_a,james,smith,015 8
6,user6@example.com,James,Smith,123 Main St,Springfield,Franklin,WA,99501,organic,555-010-0100,M,1980-01-01,2025-01-01,1,,eid0,U,O,example.com,tech,news,35.000000,-90.000000,2026-01-01,US,1,"1,2",0,vendor_a,james,smith,99501
7,user7@example.com,James,Smith,123 Main St,Springfield,Franklin,GU,96910,organic,555-010-0100,M,1980-01-01,2025-01-01,1,,eid0,U,O,example.com,tech,news,35.000000,-90.000000,2026-01-01,US,1,"1,2",0,vendor_a,james,smith,96910
8,user8@example.com,James,Smith,123 Main St,Springfield,Franklin,ca,90210,organic,555-010-0100,M,1980-01-01,2025-01-01,1,,eid0,U,O,example.com,tech,news,35.000000,-90.000000,2026-01-01,US,1,"1,2",0,vendor_a,james,smith,90210
9,user9@example.com,James,Smith,123 Main St,Springfield,Franklin,NY,10001,organic,555-010-0100,M,1980-01-01,2025-01-01,1,,eid0,U,O,example.com,tech,news,35.000000,-90.000000,2026-01-01,US,1,"1,2",0,vendor_a,james,smith,10001
10,user10@example.com,James,Smith,123 Main St,Springfield,Franklin,NY,99999,organic,555-010-0100,M,1980-01-01,2025-01-01,1,,eid0,U,O,example.com,tech,news,35.000000,-90.000000,2026-01-01,US,1,"1,2",0,vendor_a,james,smith,99999
11,user11@example.com,James,Smith,123 Main St,Springfield,Franklin,,90210,organic,555-010-0100,M,1980-01-01,2025-01-01,1,,eid0,U,O,example.com,tech,news,35.000000,-90.000000,2026-01-01,US,1,"1,2",0,vendor_a,james,smith,90210
12,user12@example.com,James,Smith,123 Main St,Springfield,Franklin,CA,,organic,555-010-0100,M,1980-01-01,2025-01-01,1,,eid0,U,O,example.com,tech,news,35.000000,-90.000000,2026-01-01,US,1,"1,2",0,vendor_a,james,smith,
13,user13@example.com,James,Smith,123 Main St,Springfield,Franklin,12,90210,organic,555-010-0100,M,1980-01-01,2025-01-01,1,,eid0,U,O,example.com,tech,news,35.000000,-90.000000,2026-01-01,US,1,"1,2",0,vendor_a,james,smith,90210
14,user14@example.com,James,Smith,123 Main St,Springfield,Franklin,XX,12345,organic,555-010-0100,M,1980-01-01,2025-01-01,1,,eid0,U,O,example.com,tech,news,35.000000,-90.000000,2026-01-01,US,1,"1,2",0,vendor_a,james,smith,12345
15,user15@example.com,James,Smith,123 Main St,Springfield,Franklin,AK,99501,organic,555-010-0100,M,1980-01-01,2025-01-01,1,,eid0,U,O,example.com,tech,news,35.000000,-90.000000,2026-01-01,US,1,"1,2",0,vendor_a,james,smith,99501
16,user16@example.com,James,Smith,123 Main St,Springfield,Franklin,MA,01234,organic,555-010-0100,M,1980-01-01,2025-01-01,1,,eid0,U,O,example.com,tech,news,35.000000,-90.000000,2026-01-01,US,1,"1,2",0,vendor_a,james,smith,01234
17,user17@example.com,James,Smith,123 Main St,Springfield,Franklin,WA,98101,organic,555-010-0100,M,1980-01-01,2025-01-01,1,,eid0,U,O,example.com,tech,news,35.000000,-90.000000,2026-01-01,US,1,"1,2",0,vendor_a,james,smith,98101
18,user20@example.com,José,García,123 Main St,Springfield,Franklin,CA,90210,organic,555-010-0100,M,1980-01-01,2025-01-01,1,,eid0,U,O,example.com,tech,news,35.000000,-90.000000,2026-01-01,US,1,"1,2",0,vendor_a,josé,garcía,90210
19,user21@example.com,O'Brien,Smith,123 Main St,Springfield,Franklin,CA,90210,organic,555-010-0100,M,1980-01-01,2025-01-01,1,,eid0,U,O,example.com,tech,news,35.000000,-90.000000,2026-01-01,US,1,"1,2",0,vendor_a,o'brien,smith,90210
20,user22@example.com,Anne-Marie,Dupont,123 Main St,Springfield,Franklin,CA,90210,organic,555-010-0100,M,1980-01-01,2025-01-01,1,,eid0,U,O,example.com,tech,news,35.000000,-90.000000,2026-01-01,US,1,"1,2",0,vendor_a,anne-marie,dupont,90210
21,user23@example.com,aaaa,Smith,123 Main St,Springfield,Franklin,CA,90210,organic,555-010-0100,M,1980-01-01,2025-01-01,1,,eid0,U,O,example.com,tech,news,35.000000,-90.000000,2026-01-01,US,1,"1,2",0,vendor_a,aaaa,smith,90210
22,user24@example.com,Test,User,123 Main St,Springfield,Franklin,CA,90210,organic,555-010-0100,M,1980-01-01,2025-01-01,1,,eid0,U,O,example.com,tech,news,35.000000,-90.000000,2026-01-01,US,1,"1,2",0,vendor_a,test,user,90210
23,user25@example.com,,Smith,123 Main St,Springfield,Franklin,CA,90210,organic,555-010-0100,M,1980-01-01,2025-01-01,1,,eid0,U,O,example.com,tech,news,35.000000,-90.000000,2026-01-01,US,1,"1,2",0,vendor_a,,smith,90210
24,user26@example.com,J,K,123 Main St,Springfield,Franklin,CA,90210,organic,555-010-0100,M,1980-01-01,2025-01-01,1,,eid0,U,O,example.com,tech,news,35.000000,-90.000000,2026-01-01,US,1,"1,2",0,vendor_a,j,k,90210
25,user27@example.com,Same,Same,123 Main St,Springfield,Franklin,CA,90210,organic,555-010-0100,M,1980-01-01,2025-01-01,1,,eid0,U,O,example.com,tech,news,35.000000,-90.000000,2026-01-01,US,1,"1,2",0,vendor_a,same,same,90210
26,user28@example.com,Smith,smith,123 Main St,Springfield,Franklin,CA,90210,organic,555-010-0100,M,1980-01-01,2025-01-01,1,,eid0,U,O,example.com,tech,news,35.000000,-90.000000,2026-01-01,US,1,"1,2",0,vendor_a,smith,smith,90210
27,user29@example.com,John Doe42,Smith,123 Main St,Springfield,Franklin,CA,90210,organic,555-010-0100,M,1980-01-01,2025-01-01,1,,eid0,U,O,example.com,tech,news,35.000000,-90.000000,2026-01-01,US,1,"1,2",0,vendor_a,john doe42,smith,90210
28,,James,Smith,123 Main St,Springfield,Franklin,CA,90210,organic,555-010-0100,M,1980-01-01,2025-01-01,1,,eid0,U,O,example.com,tech,news,35.000000,-90.000000,2026-01-01,US,1,"1,2",0,vendor_a,james,smith,90210
29,   ,James,Smith,123 Main St,Springfield,Franklin,CA,90210,organic,555-010-0100,M,1980-01-01,2025-01-01,1,,eid0,U,O,example.com,tech,news,35.000000,-90.000000,2026-01-01,US,1,"1,2",0,vendor_a,james,smith,90210
30,  user30@example.com  ,James,Smith,123 Main St,Springfield,Franklin,CA,90210,organic,555-010-0100,M,1980-01-01,2025-01-01,1,,eid0,U,O,example.com,tech,news,35.000000,-90.000000,2026-01-01,US,1,"1,2",0,vendor_a,james,smith,90210
31,not-an-email,James,Smith,123 Main St,Springfield,Franklin,CA,90210,organic,555-010-0100,M,1980-01-01,2025-01-01,1,,eid0,U,O,example.com,tech,news,35.000000,-90.000000,2026-01-01,US,1,"1,2",0,vendor_a,james,smith,90210
32,user@nodot,James,Smith,123 Main St,Springfield,Franklin,CA,90210,organic,555-010-0100,M,1980-01-01,2025-01-01,1,,eid0,U,O,example.com,tech,news,35.000000,-90.000000,2026-01-01,US,1,"1,2",0,vendor_a,james,smith,90210
33,NULL,James,Smith,123 Main St,Springfield,Franklin,CA,90210,organic,555-010-0100,M,1980-01-01,2025-01-01,1,,eid0,U,O,example.com,tech,news,35.000000,-90.000000,2026-01-01,US,1,"1,2",0,vendor_a,james,smith,90210
34,user31@example.com,James,Smith,,,Franklin,CA,90210,organic,555-010-0100,M,1980-01-01,2025-01-01,1,,eid0,U,O,example.com,tech,news,35.000000,-90.000000,2026-01-01,US,1,"1,2",0,vendor_a,james,smith,90210
35,user32@example.com,James,Smith,,Springfield,,CA,90210,organic,555-010-0100,M,1980-01-01,2025-01-01,1,,eid0,U,O,example.com,tech,news,35.000000,-90.000000,2026-01-01,US,1,"1,2",0,vendor_a,james,smith,90210
36,user@@double.com,Grace,zzzz,3567 Cedar Ln,Riverside,Montgomery,SC,29466,organic,555-444-3985,F,1955-10-21,2025-08-22,1,,eid36,O,R,inbox.co,tech,tips,25.685946,-115.756096,2026-03-17,US,1301,"8,25",1,internal,grace,zzzz,29466
37,user37@webmail.net,Sarah,Johnson,,Franklin,Washington,ri,02240,organic,555-735-6236,F,1997-08-08,2025-02-23,1,,eid37,A,O,example.com,finance,guides,49.908889,-98.217489,2026-07-11,US,1717,"1,27",1,partner_c,sarah,johnson,02240
38,user38@inbox.co,Olivia,Smith,5068 Lake Dr,Fairview,Jackson,ND,58567,affiliate,555-234-4292,F,1997-06-19,2025-12-23,0,,eid38,U,O,webmail.net,travel,reviews,46.090039,-115.121489,2026-08-18,US,915,"5,26",1,vendor_a,olivia,smith,58567
39,  user39@company.io  ,James,Sample,8974 Cedar Ln,Springfield,Jackson,AR,72328,social,555-668-3358,M,1944-01-15,2025-05-11,1,,eid39,A,O,company.io,home,tips,31.623830,-89.119390,2026-02-20,US,4253,"13,7",0,vendor_b,james,sample,72328
40,user40@webmail.net,Linda,Scott,4606 Pine Rd,Springfield,Washington,SD,57896,organic,555-382-1439,M,1995-12-02,2025-03-01,1,,eid40,O,R,company.io,finance,tips,33.449380,-118.366192,2026-03-21,US,909,"16,35",1,internal,linda,scott,57896
41,user41@example.com,Paul,Clark,4207 Elm Blvd,Clinton,Marion,MI,48926,affiliate,555-889-5483,F,1976-09-16,2025-11-24,1,,eid41,O,R,example.com,auto,tips,35.247575,-91.190776,2026-03-21,US,4225,"6,9",1,internal,paul,clark,48926
42,user42@webmail.net,Andrew,Green,8649 Cedar Ln,Georgetown,Jefferson,VA,37306,paid-search,555-496-2140,M,1976-11-22,2025-06-05,1,,eid42,U,O,webmail.net,travel,guides,24.750645,-104.285316,2026-05-26,US,4147,"2,27",0,internal,andrew,green,37306
43,user43@webmail.net,Hannah,aaaa,3532 Sunset Ave,Greenville,,IL,62668,organic,555-881-5327,F,1954-04-15,2025-02-06,1,,eid43,H,O,example.com,health,deals,25.768757,-83.466636,2026-05-18,US,836,"20,6",0,partner_c,hannah,aaaa,62668
44,user44@webmail.net,Sophia,Lee,9129 Main St,Clinton,Monroe,GA,30912,organic,555-957-3615,M,1945-05-04,2025-08-04,1,,eid44,H,O,company.io,health,reviews,28.260646,-87.687512,2026-02-23,US,334,"22,43",1,vendor_b,sophia,lee,30912
45,user45@inbox.co,Daniel,Mary-Jane,9295 Elm Blvd,Fairview,,MT,59645,paid-search,555-564-3931,F,1984-06-12,2025-09-10,0,,eid45,B,O,company.io,auto,trends,46.799903,-66.940942,2026-07-13,US,4129,"33,17",1,vendor_b,daniel,mary-jane,59645
46,user46@company.io,Jason,Lee,4712 Main St,Springfield,,MI,48599,organic,555-879-4839,M,1952-06-05,2025-03-16,1,,eid46,A,R,company.io,home,reviews,36.081760,-67.467502,2026-04-14,US,4654,"5,18",0,vendor_b,jason,lee,48599
47,user47@company.io,Linda,Young,6568 Sunset Ave,Clinton,Montgomery,OK,73752,paid-search,555-217-3119,M,1967-07-01,2025-02-18,0,,eid47,H,O,testmail.org,tech,guides,36.420835,-72.856091,2026-08-15,US,586,"10,14",0,internal,linda,young,73752
48,user@@double.com, ,Jackson,5085 River Rd,Bristol,Washington,NY,55698,social,555-917-4545,M,1998-06-13,2025-12-15,0,,eid48,O,R,example.com,travel,guides,27.919978,-100.441340,2026-04-23,US,1024,"21,25",0,internal, ,jackson,55698
49,user49@example.com,x,Miller,7104 Pine Rd,Springfield,Jackson,IL,61424,organic,555-190-4660,M,1986-06-01,2025-05-12,1,,eid49,W,O,inbox.co,home,reviews,46.965012,-85.319025,2026-01-20,,1416,"27,30",0,partner_c,x,miller,61424
50,user name@x.com,Brian,Walker,5365 Sunset Ave,Clinton,Washington,ME,04595,organic,555-749-6936,F,1992-12-22,2025-05-23,0,,eid50,W,O,webmail.net,health,news,49.271195,-116.359820,2026-01-19,US,1112,"22,2",0,internal,brian,walker,04595
51,user51@example.com,Eric,Scott,5380 Elm Blvd,Georgetown,Jefferson,MN,55561,paid-search,555-978-2782,F,1966-06-05,2025-02-18,0,,eid51,B,R,webmail.net,auto,deals,39.090515,-90.779663,2026-04-12,US,2,"17,16",1,internal,eric,scott,55561
52,user52@inbox.co,Mark,qqqq,4958 Hill St,Fairview,Franklin,MO,64810,paid-search,555-182-6079,M,1960-09-11,2025-12-02,0,,eid52,B,O,company.io,home,deals,43.973270,-121.444868,2026-04-10,US,1373,"18,42",0,partner_c,mark,qqqq,64810
53,user53@webmail.net,Abcuser,Brown,8744 Lake Dr,Riverside,Marion,VA,76939,partner,555-172-1377,F,1983-06-07,2025-03-02,0,,eid53,U,O,inbox.co,health,tips,42.790761,-83.440923,2026-08-22,US,2862,"30,11",0,internal,abcuser,brown,76939
54,user54@company.io,Andrew,Baker,115 Pine Rd,Bristol,Marion,MS,39303,partner,555-454-7704,M,1963-11-20,2025-03-12,0,,eid54,B,R,inbox.co,sports,guides,41.461881,-85.657760,2026-06-18,US,650,"15,35",1,vendor_b,andrew,baker,39303
55,user55@testmail.org,Patricia,Johnson,6232 Pine Rd,Greenville,Washington,IL,70912,paid-search,555-784-1132,M,1964-10-05,2025-04-10,0,,eid55,W,O,webmail.net,finance,trends,46.235630,-101.371711,2026-08-16,US,1923,"12,46",0,partner_c,patricia,johnson,70912
56,user56@inbox.co,Andrew,q,5500 Hill St,Riverside,Monroe,VT,05747,organic,555-148-3385,F,1941-07-09,2025-04-25,1,,eid56,H,O,company.io,tech,news,39.005779,-115.740929,2026-05-14,US,37,"42,36",0,vendor_b,andrew,q,05747
57,user57@inbox.co,Sarah,Anderson,1835 Maple Dr,Springfield,Washington,MO,64753,paid-search,555-826-5755,F,1964-08-18,2025-07-09,1,,eid57,U,O,company.io,home,tips,37.098182,-77.906270,2026-03-23,US,1940,"33,3",0,vendor_b,sarah,anderson,64753
58,user58@testmail.org,Paul,q,1615 Maple Dr,Georgetown,Clay,IA,52274,paid-search,555-829-7164,M,1986-06-06,2025-02-23,0,,eid58,H,R,webmail.net,home,tips,29.801361,-105.597394,2026-03-18,US,2952,"9,8",0,internal,paul,q,52274
59,user59@webmail.net,David,Walker,2823 Maple Dr,Clinton,Monroe,HI,97226,organic,555-101-5710,M,1965-11-01,2025-08-09,1,,eid59,W,R,example.com,tech,guides,30.096378,-111.889296,2026-03-15,US,4353,"40,49",0,partner_c,david,walker,97226
60,  user60@inbox.co  ,Robert,Thomas,3632 River Rd,Riverside,Montgomery,XX,12A45,partner,555-398-7154,M,1982-04-16,2025-10-27,0,,eid60,W,R,example.com,home,deals,49.178688,-111.698168,2026-01-10,US,645,"20,16",1,partner_c,robert,thomas,12A45
61,,Brian,Martin,6086 River Rd,Bristol,Marion,NM,87136,partner,555-417-4602,M,1983-07-27,2025-02-23,0,,eid61,W,O,inbox.co,auto,reviews,44.572009,-105.170732,2026-01-15,US,89,"41,30",0,internal,brian,martin,87136
62,,Grace, ,2840 Oak Ave,Clinton,Jefferson,NC,27402,social,555-437-2488,M,1951-01-21,2025-09-16,1,,eid62,A,O,example.com,health,guides,37.382918,-87.614725,2026-01-28,US,4022,"48,22",0,vendor_b,grace, ,27402
63,user63@testmail.org,Chloe,Wright,6354 Main St,Riverside,Adams,VI,,affiliate,555-667-8766,M,1951-02-06,2025-11-04,1,,eid63,H,R,company.io,tech,news,37.309800,-99.267043,2026-02-23,US,910,"36,17",0,vendor_b,chloe,wright,
64,user64@webmail.net,A,Wilson,3328 Cedar Ln,,,WY,83231,social,555-809-5160,F,1979-08-27,2025-02-01,1,,eid64,U,R,inbox.co,tech,reviews,46.272698,-112.828760,2026-08-25,US,4039,"6,39",1,vendor_b,a,wilson,83231
65,user65@company.io,Linda,Taylor,,Georgetown,Adams,MN,56861,social,555-728-2493,F,1987-12-05,2025-10-06,1,,eid65,A,R,example.com,health,trends,38.680450,-117.472775,2026-04-13,,4791,"46,7",0,partner_c,linda,taylor,56861
66,user66@testmail.org,Paul,O'Brien,8585 Sunset Ave,Springfield,Adams,VA,123456,paid-search,555-224-3916,F,1940-01-16,2025-06-20,0,,eid66,A,R,company.io,auto,news,39.001601,-113.185403,2026-01-10,US,1005,"4,22",1,vendor_b,paul,o'brien,123456
67,user67@example.com,Robert,aaaa,1396 Main St,Riverside,Jefferson,AZ,86763,paid-search,555-268-8509,F,1991-05-21,2025-09-23,1,,eid67,A,O,testmail.org,auto,guides,44.442621,-79.838563,2026-08-10,US,2314,"36,3",1,vendor_b,robert,aaaa,86763
68,user68@company.io,Sjöberg,King,1615 Maple Dr,Salem,Montgomery,LA,71278,organic,555-719-4061,M,1983-01-09,2025-11-11,0,,eid68,U,O,inbox.co,auto,tips,49.980700,-105.348829,2026-05-28,US,3446,"36,19",0,vendor_a,sjöberg,king,71278
69,user69@inbox.co,Laura,,7799 Main St,Bristol,Clay,AL,44785,partner,555-219-5085,F,1980-01-02,2025-08-02,1,,eid69,H,R,example.com,health,guides,32.394352,-112.298773,2026-02-10,,2024,"31,45",0,partner_c,laura,,44785
70,user70@company.io,Dummy,Garcia,1218 Elm Blvd,Riverside,Clay,MI,49785,affiliate,555-543-4869,F,1983-09-21,2025-08-23,1,,eid70,O,O,inbox.co,travel,guides,45.772269,-83.912763,2026-01-11,US,2279,"10,41",1,internal,dummy,garcia,49785
71,,D'Angelo,Scott,4338 Elm Blvd,Franklin,Jefferson,fl,33550,social,555-791-2846,F,1947-01-11,2025-11-16,0,,eid71,O,O,example.com,health,news,38.508290,-119.803037,2026-01-18,US,3382,"11,37",0,internal,d'angelo,scott,33550
72,,Müller,Miller,3838 Cedar Ln,Georgetown,Clay,MI,49212,organic,555-188-5488,F,1993-11-13,2025-03-19,1,,eid72,O,O,company.io,tech,reviews,49.510261,-120.164497,2026-02-25,US,4054,"2,42",0,vendor_a,müller,miller,49212
73,,Daniel,Johnson,2670 Cedar Ln,,,OK,123456,affiliate,555-319-7950,F,1944-01-14,2025-04-17,0,,eid73,W,O,webmail.net,home,tips,24.293871,-74.590913,2026-04-13,US,1667,"38,39",0,internal,daniel,johnson,123456
74,user74@company.io,Daniel,Jackson,6006 Sunset Ave,Arlington,,OH,43370,partner,555-980-8532,F,1992-09-04,2025-07-12,1,,eid74,O,O,inbox.co,finance,deals,36.731939,-107.525641,2026-08-14,US,1759,"28,23",0,internal,daniel,jackson,43370
75,  user75@testmail.org  ,Michael,François,9498 Main St,Salem,Clay,WI,53504,paid-search,555-537-6731,F,1941-05-24,2025-01-23,1,,eid75,W,O,testmail.org,finance,tips,28.649652,-117.987848,2026-01-13,US,2087,"22,29",1,vendor_a,michael,françois,53504
76,user76@inbox.co,David,Wilson,1515 Pine Rd,Riverside,Jackson,SD,57372,social,555-541-8012,F,1958-05-25,2025-10-24,1,,eid76,A,O,example.com,finance,guides,27.025950,-117.585524,2026-06-18,US,221,"1,1",1,vendor_a,david,wilson,57372
77,user77@example.com,Anna,Green,4303 Sunset Ave,Riverside,Lincoln,MI,48651,paid-search,555-381-9556,F,1975-10-21,2025-09-18,0,,eid77,O,O,company.io,finance,reviews,32.597900,-113.745862,2026-02-25,US,4557,"6,44",0,partner_c,anna,green,48651
78,  user78@testmail.org  ,Patricia,Sample,,Greenville,Franklin,AK,99468,partner,555-368-5170,F,1963-11-17,2025-12-01,1,,eid78,B,R,company.io,auto,tips,49.879320,-96.105763,2026-08-24,US,2665,"40,33",0,internal,patricia,sample,99468
79,,Mark,Green,,Clinton,Lincoln,NH,03549,affiliate,555-916-7934,M,1989-03-06,2025-01-28,1,,eid79,H,R,webmail.net,home,trends,33.108566,-69.449783,2026-01-17,US,3416,"37,38",1,internal,mark,green,03549
80,user80@company.io,Null,Lee,6413 Maple Dr,Madison,Marion,TN,12A45,social,555-721-7958,M,1967-05-26,2025-07-12,0,,eid80,O,R,company.io,auto,reviews,43.000911,-92.723757,2026-06-18,US,323,"21,2",1,internal,null,lee,12A45
81,user81@testmail.org,Kevin,Hall,4214 Hill St,Clinton,Franklin,AK,99422,paid-search,555-918-6048,F,1963-06-27,2025-12-16,1,,eid81,O,R,webmail.net,health,tips,47.129001,-119.812339,2026-02-27,US,2843,"30,8",1,vendor_b,kevin,hall,99422
82,user82@example.com,André,Baker,451 Hill St,Riverside,Jackson,IN,46940,paid-search,555-243-6246,F,1988-10-22,2025-01-18,1,,eid82,W,R,inbox.co,sports,reviews,41.198807,-114.802672,2026-03-19,US,3799,"39,40",0,vendor_b,andré,baker,46940
83,user83@testmail.org,Hannah,aaaa,2980 Pine Rd,Springfield,,DE,38176,social,555-123-9607,F,1983-10-16,2025-12-22,0,,eid83,H,O,example.com,sports,deals,41.543764,-108.639362,2026-01-21,US,1286,"21,30",0,vendor_a,hannah,aaaa,38176
84,user84@inbox.co,Daniel,Garcia,4061 Elm Blvd,Franklin,Marion,NJ,07913,social,555-679-7410,F,1968-11-02,2025-07-01,0,,eid84,H,R,company.io,finance,reviews,25.938952,-81.397226,2026-08-20,US,4852,"33,11",0,internal,daniel,garcia,07913
85,,Emily,Clark,3356 Hill St,Clinton,Franklin,ID,83221,affiliate,555-504-6846,M,1998-10-01,2025-06-27,1,,eid85,A,O,example.com,health,deals,42.086379,-92.513472,2026-07-18,US,1978,"31,29",1,partner_c,emily,clark,83221
86,user86@example.com,Jason,Taylor,2525 Cedar Ln,Franklin,Franklin,CO,24605,social,555-368-2349,M,1974-12-27,2025-10-14,1,,eid86,H,O,company.io,auto,guides,42.169356,-88.576874,2026-08-25,US,4949,"45,32",0,partner_c,jason,taylor,24605
87,user87@company.io,Kevin,Clark,6700 Oak Ave,Clinton,Franklin,AL,35915,social,555-300-4189,F,1985-12-22,2025-10-01,0,,eid87,B,O,example.com,sports,guides,24.390285,-69.560945,2026-03-23,US,3233,"26,3",0,partner_c,kevin,clark,35915
88,user88@testmail.org,Mark,François,5393 Oak Ave,Georgetown,Lincoln,ME,17580,paid-search,555-333-5552,F,1963-05-03,2025-10-03,0,,eid88,A,R,example.com,travel,trends,24.771171,-67.410251,2026-07-17,US,1375,"25,31",0,vendor_b,mark,françois,17580
89,  user89@example.com  ,Brian,Anderson,8381 Main St,Greenville,Franklin,TN,37815,partner,555-380-2479,M,1944-09-08,2025-01-18,1,,eid89,W,O,testmail.org,sports,trends,41.316457,-95.673259,2026-02-20,US,3890,"32,6",1,vendor_a,brian,anderson,37815
90,user90@inbox.co,J,Jackson,7100 Main St,Georgetown,Jefferson,SD,57627,partner,555-777-4370,F,1947-10-06,2025-07-07,1,,eid90,H,R,testmail.org,travel,reviews,49.077280,-77.004916,2026-01-12,US,201,"7,46",1,vendor_b,j,jackson,57627
91,user@nodot,Emily,aaaa,6018 Hill St,Springfield,,SD,57921,organic,555-381-2670,M,1971-01-24,2025-08-24,0,,eid91,U,R,webmail.net,sports,tips,45.469593,-113.082991,2026-03-11,US,4114,"44,29",1,vendor_b,emily,aaaa,57921
92,user92@inbox.co,James,Smith,2431 Sunset Ave,Springfield,Jackson,MS,39178,organic,555-682-3307,F,1982-01-21,2025-03-21,1,,eid92,W,R,example.com,finance,news,28.892240,-92.043722,2026-05-24,US,1829,"39,43",1,vendor_a,james,smith,39178
93,user93@webmail.net,Eric,José,6471 Main St,Springfield,Lincoln,MO,63390,affiliate,555-621-8195,F,1946-11-17,2025-01-14,0,,eid93,H,O,company.io,health,trends,49.933653,-112.094614,2026-01-17,US,1086,"2,33",0,partner_c,eric,josé,63390
94,user94@testmail.org,Patricia,Wilson,9976 Hill St,Georgetown,Montgomery,MN,55670,partner,555-562-6910,F,1988-11-27,2025-05-22,0,,eid94,B,R,example.com,tech,tips,35.823518,-108.192544,2026-03-24,,4683,"43,29",1,partner_c,patricia,wilson,55670
95,user95@company.io,Daniel,King,5319 Pine Rd,Franklin,Adams,AZ,86166,paid-search,555-116-5995,M,1958-10-05,2025-12-06,0,,eid95,O,R,testmail.org,sports,guides,49.293934,-100.898786,2026-01-19,US,3524,"37,10",1,partner_c,daniel,king,86166
96,user96@inbox.co,Jason,Brown,3952 Elm Blvd,Salem,Marion,UT,84254,paid-search,555-427-3642,M,1972-07-04,2025-01-15,1,,eid96,A,O,testmail.org,tech,guides,46.999114,-71.829218,2026-04-22,US,4206,"21,43",0,partner_c,jason,brown,84254
97,user97@testmail.org,Anna,Clark,2406 Lake Dr,Springfield,Marion,tx,75944,paid-search,555-852-1748,F,1989-01-05,2025-06-27,0,,eid97,O,O,testmail.org,tech,news,49.944090,-92.251998,2026-02-26,US,1289,"5,3",0,vendor_a,anna,clark,75944
98,user98@testmail.org,Sarah,Scott,89 Pine Rd,Salem,Jefferson,NM,87138,social,555-981-9343,M,1979-11-22,2025-03-04,0,,eid98,W,O,inbox.co,health,reviews,35.445182,-90.249147,2026-05-24,US,2640,"40,37",0,partner_c,sarah,scott,87138
99,..@.., ,Miller,,Madison,Clay,UT,28460,social,555-833-7337,F,1993-01-26,2025-11-02,1,,eid99,U,O,webmail.net,tech,news,35.394303,-75.684083,2026-04-10,US,1389,"3,48",0,internal, ,miller,28460
100,user100@testmail.org,Paul,André,3543 Pine Rd,Madison,Jackson,ME,04689,affiliate,555-564-5996,F,1994-06-27,2025-08-17,0,,eid100,A,R,inbox.co,finance,reviews,38.954969,-111.571547,2026-07-25,US,3358,"23,12",1,vendor_b,paul,andré,04689
101,user101@company.io,Eric,Wilson,3612 Cedar Ln,Salem,Jefferson,UT,84945,partner,555-658-6216,F,1960-08-02,2025-10-13,0,,eid101,H,R,webmail.net,home,news,38.812176,-101.434313,2026-03-20,US,1094,"28,29",1,vendor_a,eric,wilson,84945
102,user102@webmail.net,Michael,Hall,826 Pine Rd,Arlington,Montgomery,HI,97971,organic,555-234-1948,F,1966-07-01,2025-03-13,0,,eid102,O,O,testmail.org,health,reviews,37.698759,-100.451757,2026-05-26,US,3203,"24,33",0,partner_c,michael,hall,97971
103,@missinglocal,Grace,Walker,3055 Pine Rd,Springfield,Adams,MN,56475,organic,555-131-2662,M,1949-02-25,2025-10-06,1,,eid103,U,O,inbox.co,tech,guides,31.028556,-123.976685,2026-03-14,US,2631,"8,21",0,vendor_a,grace,walker,56475
104,user104@testmail.org,Eric,Anderson,8052 Pine Rd,Bristol,Monroe,GA,30902,affiliate,555-116-1140,M,1989-08-18,2025-03-02,0,,eid104,U,O,testmail.org,finance,tips,24.619491,-109.166244,2026-03-20,US,2758,"38,38",0,partner_c,eric,anderson,30902
105,,Hannah,Taylor,3144 Pine Rd,Madison,Clay,VA,22160,affiliate,555-159-8976,F,1944-11-11,2025-06-23,0,,eid105,U,O,testmail.org,finance,news,24.858945,-120.696904,2026-06-15,US,4110,"32,14",0,vendor_b,hannah,taylor,22160
106,user106@testmail.org,Mary,Scott,7594 River Rd,Greenville,Franklin,MD,21772,social,555-259-9116,F,1956-03-07,2025-12-18,0,,eid106,W,O,webmail.net,health,deals,40.560300,-100.486386,2026-08-28,US,3524,"4,40",0,partner_c,mary,scott,21772
107,user107@company.io,Anna,Scott,7809 Cedar Ln,Bristol,Jackson,NJ,08892,organic,555-829-5601,M,1975-06-24,2025-12-13,1,,eid107,A,R,testmail.org,travel,tips,35.562218,-110.479660,2026-03-28,US,2819,"16,12",0,partner_c,anna,scott,08892
108,user108@example.com,Eric,Xyz,8258 Pine Rd,Clinton,Montgomery,de,19790,paid-search,555-873-1967,F,1958-02-04,2025-11-04,1,,eid108,W,O,company.io,auto,reviews,42.156249,-108.307243,2026-02-18,US,1716,"40,4",0,partner_c,eric,xyz,19790
109,user109@webmail.net,Hannah,Smith,6719 Pine Rd,Springfield,Franklin,IN,46907,affiliate,555-837-4306,F,1972-03-12,2025-12-06,0,,eid109,U,R,inbox.co,sports,news,29.483491,-73.378016,2026-05-15,US,4016,"44,10",0,vendor_b,hannah,smith,46907
110,,Andrew,Walker,7124 Cedar Ln,Riverside,Marion,ZZ,,paid-search,555-852-3259,F,1946-01-25,2025-03-26,1,,eid110,U,O,example.com,sports,deals,34.155697,-92.534351,2026-01-20,US,446,"32,19",0,vendor_a,andrew,walker,
111,user111@company.io,Eric,Miller,9188 Main St,Madison,Marion,ME,80933,paid-search,555-639-8324,F,1980-03-22,2025-07-11,1,,eid111,B,O,company.io,finance,trends,32.007793,-121.530585,2026-05-23,US,1366,"20,19",1,vendor_a,eric,miller,80933
112,user112@company.io,Michael,Hall,6862 Hill St,Salem,Jefferson,VT,05677,partner,555-719-1203,F,1961-08-24,2025-11-06,1,,eid112,U,R,testmail.org,travel,tips,41.698859,-85.474320,2026-05-19,US,2273,"25,12",1,vendor_b,michael,hall,05677
113,user113@company.io,Hannah,Adams,9901 Main St,Fairview,Montgomery,OK,73843,partner,555-999-1555,F,1950-10-11,2025-10-10,1,,eid113,U,O,company.io,health,guides,46.948377,-97.903901,2026-06-12,US,2558,"15,17",0,vendor_a,hannah,adams,73843
114,user114@inbox.co,Grace,Lewis,7507 Sunset Ave,Clinton,Marion,OR,97189,affiliate,555-508-6166,F,1981-11-01,2025-05-14,0,,eid114,U,R,webmail.net,finance,trends,39.925349,-94.945445,2026-08-15,US,3137,"41,21",0,vendor_a,grace,lewis,97189
115,user115@webmail.net,Jason,Taylor,3075 Cedar Ln,Georgetown,Monroe,CT,06214,affiliate,555-312-9701,M,1949-03-07,2025-04-23,0,,eid115,B,R,webmail.net,auto,guides,40.023653,-76.798090,2026-01-22,,4270,"36,38",0,vendor_a,jason,taylor,06214
116,user116@testmail.org,Linda,Hall,,Georgetown,Lincoln,VI,96596,affiliate,555-590-1052,M,1994-06-12,2025-12-21,1,,eid116,A,O,webmail.net,sports,tips,28.366795,-120.923284,2026-03-19,US,2520,"39,9",1,vendor_a,linda,hall,96596
117,user117@webmail.net,Sophia,Scott,,,Monroe,VA,22153,partner,555-945-6909,F,1998-12-11,2025-10-22,0,,eid117,O,O,example.com,travel,tips,31.158622,-102.017441,2026-03-12,US,1825,"16,3",0,partner_c,sophia,scott,22153
118,user118@webmail.net,Anna,Baker,8251 Pine Rd,Fairview,Jefferson,SD,57166,organic,555-967-2946,F,1988-07-01,2025-12-26,1,,eid118,B,O,company.io,finance,news,32.122570,-109.087466,2026-08-17,US,1860,"31,31",1,internal,anna,baker,57166
119,user119@company.io,Paul,Scott,6046 Main St,Salem,Monroe,NE,69169,paid-search,555-941-1395,M,1985-10-04,2025-05-22,1,,eid119,W,O,inbox.co,health,news,44.940076,-113.445696,2026-02-26,US,3235,"39,47",1,vendor_a,paul,scott,69169
120,user120@example.com,Sjöberg,King,8957 Sunset Ave,Clinton,Washington,NH,13120,partner,555-882-2914,F,1980-07-18,2025-04-18,1,,eid120,A,O,webmail.net,tech,guides,34.806001,-110.060716,2026-01-25,,1397,"42,1",0,partner_c,sjöberg,king,13120
121,user121@webmail.net,Daniel,Smith,2465 Cedar Ln,Fairview,Franklin,IL,62667,partner,555-112-1788,F,1957-06-25,2025-09-10,1,,eid121,U,R,example.com,home,news,43.620895,-95.708130,2026-05-16,US,1114,"14,21",1,partner_c,daniel,smith,62667
122,user122@company.io,Paul,Miller,7948 Main St,Clinton,Montgomery,NJ,07145,affiliate,555-822-3628,F,1955-06-09,2025-02-01,0,,eid122,U,O,inbox.co,sports,news,48.674516,-91.664798,2026-07-24,US,3903,"32,22",1,partner_c,paul,miller,07145
123,user123@company.io,Daniel,Lee,1767 Main St,,,WY,83311,social,555-800-8735,F,1958-04-15,2025-12-19,1,,eid123,B,O,company.io,travel,guides,26.386903,-117.811519,2026-05-19,US,616,"3,10",0,partner_c,daniel,lee,83311
124,user124@company.io,Daniel,Johnson,5727 Lake Dr,Clinton,Washington,NY,12759,organic,555-265-3114,M,1954-11-21,2025-12-13,0,,eid124,A,R,inbox.co,home,news,37.684715,-117.026908,2026-07-20,US,24,"32,25",1,vendor_a,daniel,johnson,12759
125,user125@inbox.co,Emily,Hall,5012 Lake Dr,Clinton,Marion,GA,31747,organic,555-427-8308,F,1947-04-21,2025-12-15,1,,eid125,A,O,testmail.org,tech,deals,45.760823,-92.888325,2026-01-14,US,2782,"22,41",1,partner_c,emily,hall,31747
126,user126@webmail.net,Andrew,Taylor,8571 Elm Blvd,Arlington,Washington,HI,96585,affiliate,555-547-6378,M,1965-05-16,2025-02-21,1,,eid126,A,R,example.com,home,deals,44.813418,-122.211948,2026-08-15,US,380,"5,10",1,vendor_a,andrew,taylor,96585
127,user127@company.io,Laura,Jackson,4013 Hill St,Madison,Clay,TN,38443,organic,555-744-4981,M,1969-12-22,2025-04-28,1,,eid127,A,R,example.com,health,news,40.215836,-94.668012,2026-08-21,,3455,"25,13",1,vendor_b,laura,jackson,38443
128,user128@webmail.net,Linda,qqqq,3948 Oak Ave,,Jackson,WA,98999,organic,555-287-4252,F,1940-01-25,2025-12-23,1,,eid128,W,O,inbox.co,travel,trends,26.650001,-71.102235,2026-05-24,US,4619,"39,33",1,vendor_b,linda,qqqq,98999
129,user129@inbox.co,Emily,Mary-Jane,8501 Main St,Riverside,Adams,MN,56431,social,555-381-4061,M,1984-11-07,2025-10-27,0,,eid129,A,O,inbox.co,auto,deals,46.575764,-111.539343,2026-02-14,US,650,"3,20",0,vendor_a,emily,mary-jane,56431
130,@missinglocal,Grace,Smith,3801 Pine Rd,Clinton,Montgomery,MA,33827,partner,555-975-5172,M,1984-03-27,2025-06-22,1,,eid130,U,R,example.com,finance,tips,33.320654,-118.508646,2026-02-24,US,2809,"15,23",1,vendor_b,grace,smith,33827
131,user131@webmail.net,Chloe,Lee,8610 Sunset Ave,Clinton,Monroe,LA,70906,affiliate,555-579-4110,M,1967-01-01,2025-06-20,1,,eid131,A,R,company.io,sports,guides,39.440497,-78.133073,2026-04-21,US,4968,"8,37",0,partner_c,chloe,lee,70906
132,user132@example.com,Paul,Young,5515 Hill St,Georgetown,Montgomery,ND,58532,organic,555-153-8463,F,1991-11-04,2025-03-26,0,,eid132,W,R,example.com,finance,trends,41.929993,-105.524493,2026-02-17,US,4375,"5,33",1,internal,paul,young,58532
133,user133@inbox.co,Linda,Wilson,4687 Sunset Ave,Salem,Jackson,DE,19167,partner,555-117-9896,M,1964-02-21,2025-12-09,1,,eid133,W,O,testmail.org,travel,trends,43.915440,-119.256451,2026-01-25,,441,"26,13",1,internal,linda,wilson,19167
134,NULL,Mary,Wright,8065 Maple Dr,Fairview,Montgomery,IN,47240,social,555-238-1319,F,1959-10-13,2025-08-07,1,,eid134,W,O,inbox.co,finance,trends,30.935613,-82.218233,2026-07-21,US,3446,"22,44",1,vendor_b,mary,wright,47240
135,user135@company.io,James,Taylor,3354 River Rd,Arlington,Marion,KS,66929,social,555-294-7490,M,1940-04-15,2025-12-12,1,,eid135,U,O,webmail.net,auto,reviews,32.596813,-114.696499,2026-03-14,US,4319,"37,2",1,internal,james,taylor,66929
136,user136@webmail.net,Kevin,Green,3982 Maple Dr,Bristol,Jefferson,WY,82590,social,555-440-2022,F,1945-11-05,2025-12-06,0,,eid136,U,R,company.io,finance,reviews,25.369049,-119.447478,2026-08-28,US,465,"39,24",0,vendor_a,kevin,green,82590
137,user137@testmail.org,Laura,Adams,3778 River Rd,Springfield,Monroe,TX,78486,paid-search,555-861-1023,F,1961-12-12,2025-04-13,1,,eid137,W,O,testmail.org,auto,guides,47.830473,-81.304533,2026-04-11,US,4011,"31,8",1,internal,laura,adams,78486
138,user138@webmail.net,Olivia,Scott,6379 Elm Blvd,Georgetown,Clay,MI,49199,organic,555-229-2783,M,1990-10-08,2025-05-13,0,,eid138,W,R,webmail.net,auto,reviews,35.295718,-98.864325,2026-02-11,US,1727,"1,11",0,internal,olivia,scott,49199
139,user139@company.io,Hannah,Anderson,6734 Maple Dr,Riverside,Franklin,KS,66230,affiliate,555-487-4230,F,1966-09-19,2025-03-16,1,,eid139,B,R,inbox.co,health,trends,24.442094,-94.229445,2026-01-17,US,2232,"8,38",0,internal,hannah,anderson,66230
140,user140@testmail.org,Grace,Fakeuser,3870 Elm Blvd,Springfield,Jefferson,VA,24316,social,555-752-5774,M,1955-01-17,2025-11-06,1,,eid140,A,O,testmail.org,home,guides,37.606022,-118.398014,2026-01-11,US,4945,"26,17",1,vendor_a,grace,fakeuser,24316
141,@missinglocal,Grace,Green,9984 Main St,Fairview,Marion,WY,83824,social,555-153-3999,F,1983-11-23,2025-05-07,1,,eid141,U,O,inbox.co,home,trends,46.447227,-105.630346,2026-06-10,US,4840,"45,39",0,vendor_b,grace,green,83824
142,user142@example.com,Mark,Johnson,2341 Oak Ave,,Adams,MO,65927,social,555-358-1126,F,1972-01-07,2025-03-25,0,,eid142,B,R,inbox.co,health,reviews,43.913513,-111.657458,2026-04-21,US,3598,"31,11",1,partner_c,mark,johnson,65927
143,user143@webmail.net,Anna,Jackson,807 Oak Ave,Bristol,Adams,DE,19319,organic,555-573-4029,M,1944-02-09,2025-05-26,1,,eid143,W,R,company.io,auto,guides,36.977494,-110.872954,2026-05-16,US,1446,"41,40",0,vendor_a,anna,jackson,19319
144,user144@company.io,David,Scott,635 Main St,Bristol,Jefferson,MA,01164,partner,555-216-5481,F,1974-11-13,2025-09-18,1,,eid144,A,O,inbox.co,travel,reviews,45.938221,-106.549653,2026-05-19,US,3971,"29,1",1,internal,david,scott,01164
145,user145@example.com,Michael,Brown,9679 Elm Blvd,Fairview,Monroe,ME,04647,paid-search,555-450-7836,M,1960-03-25,2025-03-26,1,,eid145,O,O,company.io,finance,reviews,24.316614,-80.641766,2026-02-28,US,2143,"19,33",1,vendor_a,michael,brown,04647
146,user146@example.com,Mark,Clark,4315 Maple Dr,Greenville,Clay,KY,42135,affiliate,555-840-5561,M,1942-07-13,2025-10-26,0,,eid146,H,R,testmail.org,finance,reviews,47.294519,-102.297780,2026-06-16,US,710,"42,15",0,vendor_b,mark,clark,42135
147,user147@example.com,Emily,Asdf,7593 Maple Dr,,Monroe,NV,88810,affiliate,555-781-9502,F,1952-10-16,2025-10-06,0,,eid147,B,O,company.io,sports,tips,30.324736,-77.043394,2026-01-17,,205,"23,48",0,vendor_a,emily,asdf,88810
148,user148@webmail.net,Null,Adams,9378 Sunset Ave,Salem,Marion,FL,34819,organic,555-840-3399,F,1954-11-16,2025-10-11,1,,eid148,O,R,company.io,tech,guides,27.227864,-82.123705,2026-02-14,US,4028,"8,37",1,partner_c,null,adams,34819
149,user@@double.com,Brian,Wright,5604 River Rd,Springfield,Washington,ZZ,,paid-search,555-489-3502,F,1940-09-15,2025-02-02,0,,eid149,B,R,inbox.co,auto,news,48.468632,-80.131294,2026-07-20,US,3048,"1,18",1,internal,brian,wright,
150,user150@company.io,Hannah,Miller,2359 Maple Dr,Arlington,Franklin,MN,56945,organic,555-460-3502,M,1973-10-05,2025-11-26,0,,eid150,W,O,inbox.co,auto,tips,41.758448,-110.523391,2026-02-19,US,3028,"12,36",1,internal,hannah,miller,56945
151,user151@testmail.org,Hannah,Garcia,1372 Sunset Ave,,Washington,NE,69934,partner,555-684-8422,F,1952-04-13,2025-09-20,1,,eid151,W,O,webmail.net,travel,deals,24.088715,-66.683390,2026-06-17,US,4373,"34,49",0,internal,hannah,garcia,69934
152,,Andrew,Young,595 Lake Dr,Bristol,Montgomery,MT,59735,social,555-592-8004,M,1995-07-08,2025-06-25,0,,eid152,H,O,company.io,health,guides,42.301684,-112.955470,2026-06-26,US,2503,"22,30",0,vendor_a,andrew,young,59735
153,user153@webmail.net,Hannah,Abcuser,5731 Lake Dr,Greenville,Montgomery,NC,28978,social,555-191-3887,F,1974-10-12,2025-08-19,1,,eid153,W,O,inbox.co,home,news,26.622433,-99.367767,2026-08-27,US,2984,"1,15",0,partner_c,hannah,abcuser,28978
154,user154@example.com,Andrew,Thomas,,Arlington,Adams,WV,25314,affiliate,555-610-4928,M,1949-11-13,2025-03-28,0,,eid154,W,R,company.io,health,tips,45.846062,-68.712955,2026-08-26,US,677,"48,15",1,vendor_a,andrew,thomas,25314
155,user155@testmail.org,Sophia,aaaa,5867 Elm Blvd,Springfield,Montgomery,HI,96529,partner,555-232-8595,M,1946-10-01,2025-10-04,0,,eid155,O,R,inbox.co,travel,trends,37.145477,-73.813747,2026-07-25,,254,"42,1",1,vendor_b,sophia,aaaa,96529
156,user156@testmail.org,Michael,Thomas,132 Hill St,Riverside,Lincoln,OR,97737,partner,555-850-3678,M,1958-10-11,2025-12-03,1,,eid156,O,O,inbox.co,tech,deals,39.154453,-100.813638,2026-05-20,US,2384,"39,18",0,vendor_a,michael,thomas,97737
157,user157@inbox.co,José,Walker,3103 Maple Dr,Clinton,Marion,FL,32846,social,555-276-1072,F,1974-10-01,2025-09-16,1,,eid157,U,O,inbox.co,tech,news,28.452247,-78.318671,2026-01-21,US,2471,"4,6",0,partner_c,josé,walker,32846
158,user158@webmail.net,Dummy,Clark,3655 Sunset Ave,,Clay,AZ,85369,affiliate,555-119-4047,F,1977-01-20,2025-04-03,1,,eid158,U,R,inbox.co,auto,reviews,27.564675,-98.064775,2026-02-12,US,101,"47,46",0,vendor_a,dummy,clark,85369
159,user159@inbox.co,David,Clark,5769 Oak Ave,Springfield,Monroe,HI,77910,social,555-974-8859,M,1944-04-19,2025-10-05,0,,eid159,U,O,testmail.org,auto,reviews,28.860121,-86.657020,2026-04-17,US,2926,"14,9",0,vendor_a,david,clark,77910
160,user160@company.io,Mark,Wilson,8821 Maple Dr,Springfield,Jefferson,DE,19931,partner,555-616-9006,M,1940-11-02,2025-11-17,1,,eid160,B,O,inbox.co,home,tips,36.377451,-124.041940,2026-05-15,US,3043,"34,11",0,partner_c,mark,wilson,19931
161,user name@x.com,Qwerty,Wright,831 Hill St,Franklin,Jackson,TN,37283,social,555-895-7136,M,1991-02-17,2025-05-16,1,,eid161,B,O,company.io,tech,deals,45.711192,-95.189904,2026-08-25,US,2547,"41,11",0,internal,qwerty,wright,37283
162,user162@webmail.net,Olivia,Clark,187 Main St,Riverside,,LA,70442,affiliate,555-860-5547,M,1952-05-02,2025-04-05,1,,eid162,O,O,example.com,auto,tips,34.566115,-110.819549,2026-03-27,US,4559,"22,27",1,internal,olivia,clark,70442
163,user163@testmail.org,Linda,Wilson,,Franklin,,,000CA,paid-search,555-501-9707,M,1986-01-05,2025-05-27,1,,eid163,A,O,testmail.org,health,deals,25.710648,-107.391936,2026-03-14,US,3684,"44,41",0,partner_c,linda,wilson,000CA
164,user164@testmail.org,Mary,Scott,5556 Pine Rd,Clinton,Jefferson,NJ,07734,paid-search,555-264-4111,F,1962-01-17,2025-12-09,0,,eid164,B,R,testmail.org,finance,tips,43.298834,-72.796249,2026-07-17,US,1872,"33,23",0,partner_c,mary,scott,07734
165,user165@inbox.co,Jason,Johnson,2443 Main St,Arlington,Franklin,CA,90518,social,555-247-5283,F,1993-05-21,2025-12-19,1,,eid165,U,R,webmail.net,sports,tips,46.979040,-71.196757,2026-03-27,US,4433,"29,16",0,vendor_b,jason,johnson,90518
166,  user166@example.com  ,Daniel,Moore,9085 Lake Dr,Franklin,Lincoln,WI,53447,partner,555-253-1926,M,1996-04-28,2025-01-13,1,,eid166,O,R,testmail.org,home,trends,40.347850,-83.469966,2026-06-14,US,279,"35,11",1,vendor_b,daniel,moore,53447
167,user167@webmail.net,Kevin,Wilson,3869 Oak Ave,Riverside,Lincoln,MN,55674,social,555-860-5216,M,1966-12-03,2025-02-03,1,,eid167,A,R,testmail.org,travel,deals,25.208980,-74.492207,2026-03-24,US,2464,"32,2",1,vendor_a,kevin,wilson,55674
168,user168@company.io,bbbb,Jean-Pierre,2091 Pine Rd,Georgetown,Franklin,OH,45347,affiliate,555-131-4334,F,1968-10-17,2025-05-20,1,,eid168,H,R,testmail.org,travel,guides,38.296066,-85.813851,2026-02-17,US,2515,"43,1",0,partner_c,bbbb,jean-pierre,45347
169,user169@company.io,Mark,Green,2168 Sunset Ave,Salem,Monroe,IL,61535,organic,555-837-4515,F,1989-02-15,2025-03-15,0,,eid169,O,O,company.io,travel,deals,41.372361,-71.753088,2026-04-10,US,201,"37,19",1,internal,mark,green,61535
170,user170@company.io,Emily,Null,3188 River Rd,Springfield,,ID,84560,paid-search,555-971-1947,M,1954-01-28,2025-06-19,0,,eid170,O,R,webmail.net,tech,guides,41.406114,-100.052424,2026-03-18,US,48,"2,33",0,internal,emily,null,84560
171,user171@inbox.co,Mark,Martin,8187 Oak Ave,Georgetown,Jefferson,NE,59733,organic,555-165-4037,M,1942-02-17,2025-08-13,1,,eid171,H,R,example.com,sports,tips,47.888379,-111.371909,2026-04-27,US,2375,"7,27",1,internal,mark,martin,59733
172,user172@testmail.org,Kevin,Lewis,,Arlington,Montgomery,CO,80715,affiliate,555-476-7216,M,1970-02-14,2025-03-16,0,,eid172,U,R,testmail.org,tech,news,32.705868,-110.700510,2026-04-16,US,2648,"36,43",0,vendor_a,kevin,lewis,80715
173,user173@example.com,Chloe,Lewis,9012 Hill St,Madison,Montgomery,PA,18589,affiliate,555-902-7088,F,1942-04-13,2025-12-07,1,,eid173,B,O,webmail.net,auto,reviews,45.000217,-119.208250,2026-07-25,US,4500,"5,3",1,vendor_b,chloe,lewis,18589
174,user174@example.com,Patricia,Miller,3049 River Rd,Bristol,Jefferson,AK,99757,affiliate,555-166-8951,F,1946-11-13,2025-04-08,1,,eid174,B,R,company.io,auto,reviews,40.657605,-90.985590,2026-07-16,US,2398,"39,7",1,partner_c,patricia,miller,99757
175,user175@company.io,Eric,Taylor,88 Main St,Arlington,Monroe,FL,32585,affiliate,555-374-5706,M,1970-05-28,2025-07-26,1,,eid175,A,R,webmail.net,travel,tips,25.466568,-112.276274,2026-05-14,US,706,"13,26",0,partner_c,eric,taylor,32585
176,user176@example.com,Jason,Clark,6825 Cedar Ln,Greenville,Lincoln,NH,03209,partner,555-496-3634,M,1960-05-22,2025-03-10,1,,eid176,A,R,testmail.org,home,trends,26.849115,-79.688275,2026-05-22,US,1196,"10,8",1,internal,jason,clark,03209
177,user177@company.io,Sophia,Lee,2455 Elm Blvd,Franklin,Jefferson,KY,42537,partner,555-245-4857,M,1979-09-15,2025-12-18,0,,eid177,W,O,company.io,travel,trends,28.216335,-122.873983,2026-04-23,US,2012,"33,20",0,internal,sophia,lee,42537
178,  user178@testmail.org  ,Sarah,Baker,4136 Cedar Ln,Riverside,Montgomery,tx,78835,organic,555-247-5511,M,1966-12-13,2025-02-18,1,,eid178,O,O,company.io,sports,tips,42.359842,-107.315097,2026-04-25,US,1560,"19,28",0,vendor_a,sarah,baker,78835
179,,David,Wright,8392 Maple Dr,Franklin,Franklin,OK,74856,partner,555-961-1832,F,1950-08-20,2025-01-13,0,,eid179,B,R,testmail.org,sports,trends,31.636567,-113.349991,2026-06-20,US,2369,"12,41",1,vendor_a,david,wright,74856
180,user180@webmail.net,Brian,Young,5821 Cedar Ln,Fairview,Monroe,NC,27274,partner,555-679-7389,F,1988-07-12,2025-12-12,1,,eid180,W,O,testmail.org,home,news,34.507608,-81.551432,2026-03-28,US,1181,"36,19",1,vendor_a,brian,young,27274
181,NULL,José,Miller,2249 River Rd,Franklin,Marion,DC,20369,partner,555-737-3593,M,1990-06-09,2025-01-13,1,,eid181,H,O,webmail.net,auto,news,42.105548,-96.946510,2026-04-28,US,4233,"1,16",0,vendor_a,josé,miller,20369
182,user182@inbox.co,Kevin,Martin,9518 Lake Dr,Springfield,,AZ,86962,social,555-207-9284,F,1979-04-02,2025-10-07,1,,eid182,A,R,webmail.net,health,reviews,37.708500,-103.423715,2026-02-15,US,1648,"22,9",1,vendor_b,kevin,martin,86962
183,user183@company.io,Jason,Martin,5996 Maple Dr,Greenville,,ND,58742,social,555-361-1997,F,1984-11-21,2025-01-23,1,,eid183,H,O,inbox.co,finance,deals,45.673147,-101.929769,2026-01-13,US,3994,"25,4",1,vendor_b,jason,martin,58742
184,@missinglocal,Laura,Scott,122 River Rd,Springfield,Lincoln,TX,76199,social,555-997-1174,M,1984-01-19,2025-07-05,0,,eid184,U,R,inbox.co,health,guides,49.174121,-102.869711,2026-05-17,US,2545,"40,37",1,vendor_b,laura,scott,76199
185,user@nodot,Olivia,Walker,3932 Elm Blvd,Salem,Franklin,VA,12A45,paid-search,555-894-3221,F,1971-02-07,2025-12-13,1,,eid185,H,R,company.io,auto,news,32.260116,-73.028346,2026-07-13,US,4252,"9,8",1,vendor_b,olivia,walker,12A45
186,user186@inbox.co,Kevin,Young,341 River Rd,,Franklin,GU,24124,organic,555-280-3034,M,1977-04-20,2025-10-01,0,,eid186,A,O,webmail.net,finance,trends,44.750323,-94.106970,2026-07-13,US,1688,"38,36",0,vendor_a,kevin,young,24124
187,user187@testmail.org,,Baker,8194 River Rd,Georgetown,Adams,OH,44242,partner,555-880-7310,M,1951-04-04,2025-01-19,1,,eid187,A,R,company.io,home,reviews,45.977740,-101.222542,2026-06-26,US,3585,"38,14",1,vendor_b,,baker,44242
188,user188@example.com,James,Scott,5910 Cedar Ln,Springfield,Washington,UT,84801,organic,555-181-7189,F,1999-09-02,2025-07-17,0,,eid188,O,O,webmail.net,health,guides,43.245969,-105.151494,2026-03-18,US,3619,"42,21",0,vendor_a,james,scott,84801
189,user189@testmail.org,Brian,Walker,9442 Main St,,Montgomery,DE,19724,affiliate,555-768-3964,F,1959-04-22,2025-08-14,1,,eid189,H,R,company.io,health,deals,31.994501,-90.361231,2026-04-21,US,4541,"1,5",1,vendor_a,brian,walker,19724
190,,Brian,Clark,427 Elm Blvd,Fairview,Washington,MO,63901,affiliate,555-606-6102,F,1961-02-23,2025-02-02,1,,eid190,H,O,example.com,auto,tips,46.428314,-74.131861,2026-04-27,US,68,"16,15",0,vendor_a,brian,clark,63901
191,user191@webmail.net,Linda,Wright,,Arlington,Washington,TN,38927,social,555-574-2954,F,1978-08-16,2025-10-22,1,,eid191,A,R,webmail.net,tech,reviews,34.156373,-71.710084,2026-03-22,US,3357,"6,9",0,vendor_b,linda,wright,38927
192,user192@example.com,Mary,Sample,1584 Elm Blvd,Greenville,Marion,MI,48710,social,555-632-7324,F,1957-02-14,2025-05-23,0,,eid192,A,O,testmail.org,tech,trends,26.218321,-76.127711,2026-03-15,US,2993,"20,9",1,vendor_a,mary,sample,48710
193,user193@testmail.org,Müller,Lee,5225 Lake Dr,Riverside,,NY,10474,affiliate,555-479-6437,M,1964-12-08,2025-01-27,0,,eid193,H,O,inbox.co,travel,tips,48.952239,-86.050988,2026-08-22,US,3393,"10,37",1,internal,müller,lee,10474
194,user194@inbox.co,Sarah,Smith,2392 Maple Dr,Springfield,Marion,KS,67555,social,555-307-4913,M,1957-05-13,2025-06-12,1,,eid194,H,R,webmail.net,travel,deals,33.923868,-95.183952,2026-08-14,US,4414,"9,30",1,vendor_a,sarah,smith,67555
195,  user195@example.com  ,Paul,Lewis,7484 Oak Ave,Bristol,Marion,OH,43930,social,555-576-8236,M,1954-06-16,2025-08-28,1,,eid195,U,R,webmail.net,sports,tips,48.755670,-118.645463,2026-05-28,US,2928,"33,8",0,vendor_a,paul,lewis,43930
196,user196@webmail.net,Mark,Hall,7683 Elm Blvd,Arlington,Monroe,NC,27868,social,555-870-7825,M,1984-02-12,2025-06-05,1,,eid196,A,R,example.com,tech,tips,33.732711,-73.105340,2026-03-26,US,1133,"36,45",0,vendor_b,mark,hall,27868
197,user197@inbox.co,Abcuser,Garcia,3943 River Rd,Clinton,Adams,NH,03442,paid-search,555-464-4135,M,1950-07-02,2025-05-17,1,,eid197,H,R,webmail.net,tech,guides,45.550103,-118.153342,2026-04-24,,246,"16,45",1,vendor_a,abcuser,garcia,03442
198,user198@company.io,Hannah,Mary-Jane,9648 Cedar Ln,Madison,Monroe,KY,41438,social,555-932-5520,F,1959-07-21,2025-01-19,1,,eid198,O,R,webmail.net,home,trends,41.280343,-114.947282,2026-01-28,US,4152,"9,32",1,internal,hannah,mary-jane,41438
199,,Michael,Walker,7529 Sunset Ave,Franklin,Washington,VA,23239,partner,555-208-1241,F,1995-10-09,2025-05-19,1,,eid199,A,O,webmail.net,auto,reviews,34.113557,-99.458636,2026-03-25,US,3282,"6,37",0,vendor_a,michael,walker,23239
200,user200@testmail.org,Sarah,q,7395 Pine Rd,Fairview,,CO,81923,affiliate,555-628-9322,F,1950-11-04,2025-03-23,1,,eid200,U,O,company.io,travel,trends,28.958907,-97.100362,2026-06-21,US,1714,"46,19",1,internal,sarah,q,81923
201,user201@example.com,James,Smith,3126 Elm Blvd,Springfield,Jackson,MI,49815,partner,555-609-4465,M,1966-10-17,2025-02-05,1,,eid201,A,O,company.io,home,tips,40.698543,-93.432888,2026-07-28,US,983,"1,9",0,vendor_a,james,smith,49815
202,NULL,Paul,Lee,9799 Elm Blvd,Salem,Clay,NC,28996,social,555-424-9080,M,1944-09-22,2025-03-02,0,,eid202,O,O,webmail.net,home,reviews,29.613377,-72.751736,2026-04-10,US,86,"16,10",1,vendor_b,paul,lee,28996
203,user203@example.com,A,Jackson,2181 Cedar Ln,Georgetown,Marion,AL,36477,affiliate,555-777-6492,M,1992-01-19,2025-08-27,0,,eid203,W,O,example.com,health,guides,37.878149,-107.482509,2026-05-17,US,1060,"14,12",0,vendor_b,a,jackson,36477
204,user204@example.com,James,Johnson,7616 River Rd,Riverside,Marion,PA,17511,partner,555-850-5917,F,1946-11-09,2025-01-19,0,,eid204,B,O,company.io,travel,tips,46.893519,-100.197560,2026-08-15,US,2123,"34,41",0,vendor_a,james,johnson,17511
205,,Kevin,Lewis,6354 Sunset Ave,Arlington,Marion,AR,72437,partner,555-124-8406,F,1943-05-23,2025-06-21,0,,eid205,O,O,inbox.co,travel,trends,34.523800,-86.560225,2026-03-16,US,915,"13,20",0,vendor_b,kevin,lewis,72437
206,user206@inbox.co,Chloe,Miller,7346 Pine Rd,,Jefferson,MT,59446,paid-search,555-633-3509,M,1995-01-26,2025-07-19,0,,eid206,U,R,company.io,tech,tips,44.592855,-103.536785,2026-03-15,US,2636,"33,45",1,partner_c,chloe,miller,59446
207,user207@webmail.net,Anne-Marie,Baker,9871 Main St,Franklin,,MA,01749,social,555-509-7221,M,1973-12-28,2025-08-09,0,,eid207,W,R,company.io,finance,news,41.293962,-87.983999,2026-01-11,US,3652,"35,45",0,internal,anne-marie,baker,01749
208,user208@testmail.org,Paul,Clark,1791 Main St,Fairview,Jackson,,,affiliate,555-981-4606,F,1953-12-07,2025-10-07,1,,eid208,U,O,example.com,auto,reviews,40.515228,-80.669302,2026-01-28,US,3055,"33,47",0,vendor_b,paul,clark,
209,..@..,Mary,Miller,7120 Pine Rd,,Marion,TN,38506,partner,555-624-7671,F,1966-09-21,2025-12-27,0,,eid209,O,O,example.com,sports,tips,34.207654,-70.352125,2026-02-22,US,263,"49,39",1,vendor_b,mary,miller,38506
210,user210@example.com,Olivia,Null,7521 Sunset Ave,Madison,Washington,37,57190,social,555-697-9707,M,1961-05-25,2025-09-21,1,,eid210,U,O,company.io,sports,news,42.477313,-112.310392,2026-03-13,US,4548,"30,28",1,vendor_b,olivia,null,57190
211,  user211@inbox.co  ,Olivia,José,8456 Pine Rd,Georgetown,Adams,KS,66954,partner,555-844-4840,F,1983-12-14,2025-06-24,1,,eid211,A,R,company.io,finance,news,28.663598,-93.683184,2026-02-20,US,1283,"32,19",1,vendor_a,olivia,josé,66954
212,user212@webmail.net,Brian,Walker,458 Hill St,Riverside,Franklin,IA,52723,paid-search,555-618-2434,M,1954-05-15,2025-05-05,1,,eid212,B,O,testmail.org,finance,trends,48.443278,-111.995092,2026-06-22,US,1665,"47,32",0,partner_c,brian,walker,52723
213,NULL,Brian,Johnson,4500 Elm Blvd,Springfield,,mn,55101,paid-search,555-750-1306,F,1940-07-22,2025-11-26,0,,eid213,O,R,example.com,health,news,32.455587,-93.162538,2026-06-18,US,2039,"38,14",1,vendor_b,brian,johnson,55101
214,user214@example.com,Linda,Clark,5477 River Rd,Greenville,Lincoln,KY,41635,social,555-367-7141,F,1997-09-01,2025-12-27,0,,eid214,H,O,testmail.org,home,tips,44.736562,-76.909680,2026-02-16,US,4933,"21,16",0,vendor_a,linda,clark,41635
215,user215@webmail.net,Grace,Clark,6297 Oak Ave,Salem,,PA,95339,partner,555-734-2837,M,1996-03-08,2025-08-10,0,,eid215,U,O,inbox.co,sports,reviews,36.238917,-100.920690,2026-03-28,US,4489,"41,9",0,vendor_b,grace,clark,95339
216,user216@company.io,Hannah,Wright,3434 Maple Dr,Arlington,Adams,AR,123456,affiliate,555-804-2732,M,1969-10-08,2025-01-20,0,,eid216,U,R,company.io,sports,guides,47.261652,-86.330208,2026-01-14,US,3594,"35,28",1,vendor_b,hannah,wright,123456
217,user217@company.io,Paul,Young,3956 Pine Rd,Riverside,,CO,34488,partner,555-968-9413,F,1946-01-03,2025-07-26,1,,eid217,A,R,testmail.org,sports,tips,45.021575,-93.226988,2026-07-19,US,152,"14,2",0,partner_c,paul,young,34488
218,user218@testmail.org,Anna,Hall,9925 Maple Dr,Franklin,Adams,WA,21668,paid-search,555-349-9342,M,1991-05-03,2025-05-18,0,,eid218,A,R,company.io,travel,news,44.426079,-121.161433,2026-05-19,US,3225,"6,15",1,vendor_a,anna,hall,21668
219,user219@testmail.org,Olivia,Clark,4043 Hill St,Franklin,Adams,FL,34135,social,555-268-9703,F,1960-09-16,2025-09-10,1,,eid219,W,O,webmail.net,auto,tips,35.722792,-81.828926,2026-02-24,US,810,"46,41",1,vendor_b,olivia,clark,34135
220,user220@inbox.co,Emily,Hall,1400 Cedar Ln,Madison,Jackson,VA,41170,partner,555-891-8754,M,1961-01-10,2025-08-25,0,,eid220,B,O,example.com,tech,news,36.580866,-88.847799,2026-04-16,US,3350,"39,10",0,partner_c,emily,hall,41170
221,user221@webmail.net,Chloe,Wright,7715 Elm Blvd,Madison,,CT,06799,social,555-235-7554,F,1957-06-26,2025-08-12,0,,eid221,O,O,webmail.net,health,trends,31.153982,-112.031023,2026-05-26,US,4525,"10,37",0,vendor_b,chloe,wright,06799
222,user222@company.io,Mary-Jane,Martin,8730 Oak Ave,Riverside,Marion,WV,49743,partner,555-929-6999,M,1948-11-08,2025-10-11,1,,eid222,W,R,webmail.net,health,deals,32.856405,-81.706048,2026-03-17,US,3115,"7,8",1,internal,mary-jane,martin,49743
223,user223@inbox.co,D'Angelo,Wilson,5242 River Rd,Franklin,Washington,WA,99113,organic,555-241-1805,M,1957-07-02,2025-09-12,0,,eid223,A,O,webmail.net,finance,guides,37.328967,-76.201919,2026-08-15,US,1146,"34,18",1,internal,d'angelo,wilson,99113
224,user224@webmail.net,David,Smith,5827 Lake Dr,Clinton,Jackson,AZ,86992,social,555-977-4152,F,1953-01-22,2025-10-12,0,,eid224,U,O,testmail.org,auto,deals,29.880699,-104.648762,2026-06-19,US,90,"1,23",1,vendor_b,david,smith,86992
225,user225@inbox.co,Grace,Johnson,5506 Lake Dr,Georgetown,Washington,OK,74637,affiliate,555-419-4412,F,1994-07-07,2025-07-18,1,,eid225,A,R,inbox.co,health,trends,41.096014,-117.992850,2026-06-11,US,2027,"3,29",0,internal,grace,johnson,74637
226,user226@example.com,Brian,Wright,7116 Pine Rd,Fairview,Clay,SC,015 8,organic,555-528-4042,M,1944-08-10,2025-04-26,0,,eid226,H,O,example.com,tech,tips,41.747378,-77.736223,2026-04-19,,554,"29,35",1,internal,brian,wright,015 8
227,user227@company.io,Sophia,Miller,684 Pine Rd,Riverside,Jackson,PA,07745,affiliate,555-442-5279,F,1986-11-27,2025-07-22,1,,eid227,O,R,company.io,home,guides,37.484354,-73.733783,2026-03-19,US,484,"17,47",1,vendor_b,sophia,miller,07745
228,user228@company.io,Brian,Scott,1072 Oak Ave,Springfield,Washington,DC,20697,social,555-164-8148,M,1971-06-15,2025-11-07,1,,eid228,H,O,company.io,health,trends,42.806355,-104.917699,2026-03-12,US,97,"43,18",0,vendor_a,brian,scott,20697
229,user229@testmail.org,Michael,Young,2815 Cedar Ln,Bristol,Lincoln,ME,04619,partner,555-248-6731,M,1991-06-14,2025-04-26,1,,eid229,A,O,company.io,home,guides,48.654607,-88.250679,2026-08-14,US,1033,"46,9",1,vendor_b,michael,young,04619
230,user230@example.com,Michael,King,5132 Cedar Ln,Franklin,Montgomery,SD,57943,affiliate,555-288-8611,M,1962-04-18,2025-12-17,0,,eid230,W,O,inbox.co,auto,tips,33.132103,-82.334826,2026-02-22,US,2598,"30,1",0,vendor_a,michael,king,57943
231,,bbbb,q,4016 Cedar Ln,Clinton,Washington,NV,88449,paid-search,555-325-3868,F,1986-11-21,2025-10-05,0,,eid231,A,R,webmail.net,travel,trends,41.870806,-116.491538,2026-05-18,US,2912,"14,25",0,vendor_b,bbbb,q,88449
232,user232@example.com,Brian,Smith,,Salem,Adams,CT,06262,affiliate,555-610-9375,M,1980-08-17,2025-10-22,1,,eid232,A,R,company.io,finance,trends,47.457174,-76.123021,2026-07-16,US,2506,"31,27",0,partner_c,brian,smith,06262
233,user233@testmail.org,Müller,King,860 Elm Blvd,Greenville,Montgomery,WY,32876,social,555-278-4391,M,1974-04-09,2025-10-16,1,,eid233,U,R,inbox.co,finance,guides,25.541793,-88.493171,2026-02-15,US,1921,"3,5",0,vendor_b,müller,king,32876
234,user234@example.com,Anna,Baker,752 Elm Blvd,Riverside,,MI,49474,paid-search,555-968-6957,F,1995-12-19,2025-04-01,1,,eid234,A,R,inbox.co,home,guides,47.130564,-66.476330,2026-07-22,US,828,"35,22",0,partner_c,anna,baker,49474
235,user235@example.com,Paul,Johnson,7570 Maple Dr,Franklin,Washington,IA,51464,affiliate,555-746-3594,M,1940-07-04,2025-03-01,0,,eid235,W,O,company.io,tech,news,29.183714,-106.045028,2026-04-10,US,631,"24,2",1,internal,paul,johnson,51464
236,,Eric,Adams,7479 Hill St,Springfield,Franklin,OH,44397,partner,555-462-9521,F,1973-02-04,2025-05-17,1,,eid236,B,R,webmail.net,tech,news,33.045128,-93.678611,2026-05-25,,1497,"37,7",0,internal,eric,adams,44397
237,user237@inbox.co,Brian,Lewis,1786 Sunset Ave,Arlington,Clay,NV,89196,social,555-440-4083,M,1958-07-03,2025-02-24,1,,eid237,A,R,inbox.co,auto,guides,40.335540,-105.458487,2026-05-23,US,4326,"20,23",1,vendor_a,brian,lewis,89196
238,user@@double.com,Mary,Moore,4658 Oak Ave,Georgetown,Jackson,MN,55219,partner,555-558-4881,M,1964-06-17,2025-01-28,1,,eid238,U,O,example.com,home,reviews,24.952121,-89.188299,2026-08-22,US,4773,"31,1",1,vendor_b,mary,moore,55219
239,  user239@testmail.org  ,Michael,qqqq,1810 Lake Dr,Bristol,Monroe,,63902,social,555-672-3229,M,1951-11-12,2025-06-11,1,,eid239,W,O,inbox.co,auto,trends,27.212725,-78.280806,2026-02-18,US,4519,"5,23",1,partner_c,michael,qqqq,63902
240,user240@example.com,Olivia,Adams,3470 River Rd,Springfield,Jefferson,AK,99135,partner,555-862-2529,F,1975-08-07,2025-10-08,1,,eid240,W,R,webmail.net,finance,trends,30.412515,-99.051707,2026-08-15,,1286,"22,21",0,vendor_a,olivia,adams,99135
241,  user241@testmail.org  ,Hannah,Jackson,6115 Maple Dr,Riverside,Jefferson,MI,48669,affiliate,555-812-9519,F,1998-09-02,2025-08-16,1,,eid241,A,R,inbox.co,travel,news,39.626938,-98.597831,2026-03-25,US,358,"11,39",1,vendor_a,hannah,jackson,48669
242,user242@example.com,Eric,qqqq,2977 Main St,Riverside,Washington,ga,31621,partner,555-125-2489,M,1993-09-10,2025-02-23,1,,eid242,A,O,company.io,finance,reviews,27.320202,-80.693526,2026-06-24,,3728,"17,43",0,internal,eric,qqqq,31621
243,user243@testmail.org,Grace,Johnson,7095 Sunset Ave,Salem,Washington,fl,12A45,affiliate,555-128-3430,F,1941-02-11,2025-01-21,0,,eid243,U,O,company.io,auto,reviews,49.353909,-69.075271,2026-06-17,US,109,"48,31",1,vendor_a,grace,johnson,12A45
244,,Chloe,Miller,4383 Sunset Ave,Arlington,Adams,IA,52270,organic,555-617-9915,M,1940-02-08,2025-12-28,0,,eid244,U,O,inbox.co,auto,trends,28.454655,-81.973812,2026-08-12,US,1709,"8,33",1,vendor_a,chloe,miller,52270
245,user245@inbox.co,Chloe,Baker,7967 Oak Ave,Madison,Jackson,IN,46559,partner,555-136-1991,F,1991-10-10,2025-07-02,1,,eid245,U,O,company.io,auto,news,32.501700,-80.757128,2026-08-21,US,602,"40,38",1,vendor_a,chloe,baker,46559
246,,Sophia,Taylor,1574 River Rd,Bristol,Franklin,HI,96960,social,555-812-6104,M,1970-07-23,2025-07-06,1,,eid246,W,R,webmail.net,tech,guides,36.648001,-92.531871,2026-04-25,US,1695,"42,32",1,internal,sophia,taylor,96960
247,user247@inbox.co,Kevin,Scott,8797 Cedar Ln,Arlington,Franklin,wy,82815,partner,555-612-7823,F,1985-04-28,2025-07-24,0,,eid247,U,R,webmail.net,finance,tips,42.905390,-108.832335,2026-06-26,US,14,"14,32",0,internal,kevin,scott,82815
248,user248@inbox.co,Chloe,Clark,2009 Lake Dr,Arlington,Jefferson,NC,27285,social,555-981-9269,M,1940-10-16,2025-06-23,1,,eid248,W,R,webmail.net,health,news,29.021439,-68.397410,2026-04-27,US,708,"46,6",0,vendor_a,chloe,clark,27285
249,  user249@webmail.net  ,Andrew,D'Angelo,4424 Cedar Ln,Riverside,Washington,GA,31829,affiliate,555-328-5343,F,1944-11-05,2025-01-09,0,,eid249,H,R,webmail.net,sports,guides,29.578344,-112.138926,2026-02-17,US,648,"49,40",0,vendor_a,andrew,d'angelo,31829
250,user250@example.com,Sophia,Hall,289 Lake Dr,Springfield,Franklin,IN,78917,social,555-703-8680,F,1978-02-25,2025-08-24,0,,eid250,W,R,webmail.net,tech,guides,43.210017,-105.052687,2026-07-16,US,876,"37,31",0,vendor_a,sophia,hall,78917
251,user name@x.com,Eric,Wilson,4990 Main St,Fairview,Monroe,GA,30441,partner,555-744-4339,F,1988-05-12,2025-06-16,0,,eid251,H,O,company.io,finance,guides,43.532091,-123.254551,2026-08-15,US,1335,"36,22",0,internal,eric,wilson,30441
252,user252@testmail.org,Sophia,King,5304 Elm Blvd,Arlington,Jefferson,LA,71793,social,555-591-1906,F,1940-11-09,2025-05-09,1,,eid252,H,R,example.com,auto,reviews,46.151626,-85.815728,2026-01-10,US,3089,"33,46",0,vendor_a,sophia,king,71793
253,user253@webmail.net,Hannah,Thomas,1423 Sunset Ave,Springfield,Lincoln,AR,72579,affiliate,555-765-3183,M,1954-05-03,2025-03-27,1,,eid253,U,O,inbox.co,tech,trends,37.475552,-111.143966,2026-07-25,US,282,"4,34",0,internal,hannah,thomas,72579
254,user254@inbox.co,Jason,Wilson,9828 Hill St,Salem,Monroe,,0,organic,555-146-1983,M,1968-04-11,2025-11-07,1,,eid254,O,O,company.io,auto,deals,27.077798,-96.270614,2026-05-12,US,3396,"40,3",1,internal,jason,wilson,0
255,user255@inbox.co,Daniel,Anderson,,Bristol,Montgomery,NM,56990,affiliate,555-657-2801,M,1961-02-28,2025-02-02,0,,eid255,O,O,example.com,health,tips,46.363929,-110.695723,2026-08-27,US,3366,"41,36",1,partner_c,daniel,anderson,56990
256,,Mary, ,4996 Elm Blvd,Franklin,Montgomery,IN,47180,paid-search,555-998-7451,F,1969-10-23,2025-03-22,0,,eid256,B,O,inbox.co,sports,guides,25.704512,-88.241382,2026-04-23,US,1432,"32,8",1,vendor_a,mary, ,47180
257,user257@webmail.net,Daniel,aaaa,4644 River Rd,Salem,Montgomery,NC,27516,paid-search,555-433-8441,F,1946-11-16,2025-06-18,0,,eid257,O,R,company.io,home,guides,37.116680,-121.576838,2026-06-17,US,2231,"17,44",0,partner_c,daniel,aaaa,27516
258,user258@testmail.org,Linda,Lewis,5315 Maple Dr,Arlington,Franklin,WY,82125,paid-search,555-983-2729,F,1970-12-12,2025-02-24,1,,eid258,H,R,company.io,health,guides,45.098324,-79.399928,2026-07-27,US,2395,"5,26",1,vendor_a,linda,lewis,82125
259,user259@webmail.net,Asdf,Martin,8201 Cedar Ln,Greenville,Franklin,MD,22370,partner,555-810-4415,F,1978-04-09,2025-03-09,0,,eid259,A,R,example.com,home,news,40.602386,-117.680977,2026-07-28,US,4549,"12,45",1,partner_c,asdf,martin,22370
260,user260@testmail.org,Xyz,Adams,2671 Cedar Ln,Greenville,Clay,MT,59150,paid-search,555-188-2270,F,1955-08-02,2025-05-28,1,,eid260,W,O,example.com,auto,news,30.504831,-114.574696,2026-02-17,US,4264,"36,42",0,partner_c,xyz,adams,59150
261,user261@testmail.org,Hannah,Jackson,7167 Pine Rd,Fairview,Montgomery,NV,89263,affiliate,555-106-2332,F,1966-04-12,2025-02-05,1,,eid261,A,O,webmail.net,travel,guides,40.988318,-77.734255,2026-05-23,US,3558,"37,19",1,vendor_a,hannah,jackson,89263
262,user262@example.com,Emily,Jackson,5333 Sunset Ave,Clinton,Jefferson,OK,73917,social,555-947-2226,M,1957-12-17,2025-03-04,1,,eid262,U,O,company.io,auto,trends,26.895945,-79.831970,2026-02-21,US,750,"23,18",1,vendor_b,emily,jackson,73917
263,user263@webmail.net,Jason,Young,1880 River Rd,Springfield,Clay,OR,0,partner,555-999-8332,M,1989-12-27,2025-07-23,1,,eid263,O,O,example.com,sports,reviews,26.074623,-107.896650,2026-07-10,US,3673,"18,27",0,vendor_b,jason,young,0
264,,Robert,Lee,862 River Rd,Arlington,Adams,CO,80699,affiliate,555-215-6134,F,1990-01-16,2025-06-02,0,,eid264,O,O,testmail.org,health,tips,34.601382,-101.498594,2026-08-27,US,4342,"3,45",0,vendor_b,robert,lee,80699
265,user265@inbox.co,Emily,Martin,577 River Rd,,Monroe,39,12A45,organic,555-345-3451,M,1964-05-15,2025-08-13,1,,eid265,H,R,webmail.net,finance,reviews,26.460772,-83.506869,2026-01-20,US,520,"24,36",1,vendor_b,emily,martin,12A45
266,user266@testmail.org,D'Angelo,Green,8639 Lake Dr,Madison,,GA,30906,paid-search,555-454-9213,F,1992-08-09,2025-10-14,0,,eid266,B,O,inbox.co,sports,trends,41.615622,-88.786695,2026-07-16,US,4254,"36,13",0,internal,d'angelo,green,30906
267,user267@example.com,Hannah,Dummy,1162 Main St,Riverside,Washington,CT,06154,paid-search,555-802-5700,M,1940-02-09,2025-11-07,1,,eid267,U,R,inbox.co,travel,tips,24.052003,-79.094537,2026-08-26,US,3413,"2,1",0,vendor_b,hannah,dummy,06154
268,user268@company.io,O'Brien,Smith,163 Oak Ave,Arlington,Lincoln,HI,97608,organic,555-398-1106,F,1963-03-24,2025-11-09,1,,eid268,U,R,company.io,finance,guides,31.426404,-96.079902,2026-01-17,US,4474,"6,13",1,vendor_a,o'brien,smith,97608
269,user269@webmail.net,David,Wilson,1450 Cedar Ln,Madison,,DE,19625,social,555-872-4594,F,1993-10-26,2025-10-06,1,,eid269,U,R,company.io,tech,deals,40.450706,-76.146461,2026-08-11,US,2719,"45,12",1,vendor_a,david,wilson,19625
270,,Daniel,Lee,8321 River Rd,Arlington,Montgomery,UT,84862,organic,555-105-6729,M,1952-12-13,2025-04-17,1,,eid270,U,O,company.io,home,guides,27.247354,-102.336977,2026-02-24,US,4007,"31,49",0,partner_c,daniel,lee,84862
271,user271@webmail.net,aaaa,Walker,7033 Elm Blvd,Riverside,Marion,OR,97197,partner,555-702-7586,M,1944-05-11,2025-03-23,0,,eid271,W,O,testmail.org,finance,trends,49.484157,-93.180753,2026-04-11,US,2957,"35,21",0,vendor_a,aaaa,walker,97197
272,no-at-sign.com,Paul,Test,,Madison,Jackson,ID,58480,social,555-825-5170,M,1947-04-19,2025-06-15,0,,eid272,H,O,example.com,home,news,37.363624,-121.099360,2026-08-22,US,1089,"35,11",1,vendor_a,paul,test,58480
273,user273@webmail.net,Mary,Moore,652 Maple Dr,Franklin,Washington,AR,71439,partner,555-524-1495,M,1944-04-19,2025-02-03,1,,eid273,W,O,webmail.net,travel,guides,40.084433,-104.462323,2026-01-24,US,2182,"39,13",1,vendor_b,mary,moore,71439
274,user274@webmail.net,Anna,Anderson,,Georgetown,Jackson,WA,02549,organic,555-825-8553,M,1990-01-12,2025-08-19,1,,eid274,U,R,webmail.net,travel,guides,39.381195,-100.624312,2026-01-20,US,2572,"35,1",0,vendor_a,anna,anderson,02549
275,user275@example.com,Sarah,Wilson,5796 Elm Blvd,Fairview,Clay,IA,50912,social,555-488-4805,F,1998-07-22,2025-02-06,0,,eid275,U,O,example.com,finance,reviews,44.254875,-122.270641,2026-03-13,US,1889,"6,47",1,vendor_b,sarah,wilson,50912
276,user276@testmail.org,Jason,Garcia,9142 River Rd,Bristol,Franklin,,,partner,555-633-7690,F,1947-03-11,2025-06-03,1,,eid276,A,R,company.io,travel,trends,24.847712,-112.633777,2026-01-15,US,322,"48,5",0,vendor_b,jason,garcia,
277,user277@example.com,Michael,Young,5709 Maple Dr,Georgetown,Adams,WA,98370,paid-search,555-702-5614,F,1984-11-06,2025-04-20,1,,eid277,U,R,company.io,tech,tips,44.704811,-84.006887,2026-02-25,US,1618,"17,23",0,partner_c,michael,young,98370
278,user278@company.io,James,King,7551 Sunset Ave,Georgetown,Lincoln,CO,81120,social,555-634-4062,M,1945-05-06,2025-02-28,0,,eid278,O,O,testmail.org,health,reviews,49.920299,-71.407447,2026-06-10,US,4867,"18,27",1,vendor_a,james,king,81120
279,,Eric,Baker,7165 Oak Ave,Georgetown,Jefferson,MN,55393,partner,555-537-3346,M,1996-12-02,2025-05-14,0,,eid279,H,O,inbox.co,tech,tips,32.399284,-109.703372,2026-01-15,US,1191,"7,4",1,vendor_a,eric,baker,55393
280,user280@inbox.co, ,King,9036 Pine Rd,Springfield,,AR,71690,social,555-837-2348,M,1984-10-21,2025-01-13,1,,eid280,B,O,webmail.net,tech,tips,35.624826,-111.755563,2026-05-21,US,3279,"45,25",1,vendor_a, ,king,71690
281,user281@inbox.co,Hannah,Taylor,7204 Maple Dr,Fairview,Marion,WA,99387,organic,555-644-9046,M,1970-12-16,2025-03-12,0,,eid281,W,O,inbox.co,auto,news,45.264340,-74.434851,2026-07-22,,2631,"18,3",0,internal,hannah,taylor,99387
282,user282@webmail.net,,Wilson,2724 Elm Blvd,Greenville,Montgomery,ME,03286,affiliate,555-609-4776,M,1997-08-04,2025-10-21,0,,eid282,O,O,testmail.org,health,tips,37.570699,-112.747686,2026-02-13,US,1153,"11,12",0,internal,,wilson,03286
283,user283@testmail.org,,Green,5628 Elm Blvd,Greenville,Lincoln,OK,73545,organic,555-971-6963,M,1980-09-11,2025-05-02,0,,eid283,W,R,company.io,travel,trends,25.544730,-95.101223,2026-04-16,US,2929,"28,28",0,internal,,green,73545
284,user284@inbox.co,Paul,Walker,3620 Oak Ave,Clinton,Marion,SC,,paid-search,555-593-4176,M,1998-12-16,2025-01-13,1,,eid284,B,O,company.io,sports,reviews,38.980847,-113.439321,2026-01-28,US,4766,"43,2",1,partner_c,paul,walker,
285,user285@company.io,Laura,Wilson,6430 Main St,Springfield,Marion,VI,0,social,555-492-9874,F,1969-02-20,2025-09-23,1,,eid285,A,O,webmail.net,tech,tips,34.830486,-121.589052,2026-02-19,,3028,"16,16",1,partner_c,laura,wilson,0
286,user286@company.io,Test,q,9310 Cedar Ln,Arlington,,RI,03956,paid-search,555-271-3493,F,1997-05-27,2025-02-02,1,,eid286,B,O,inbox.co,health,deals,47.718505,-88.530799,2026-07-11,US,4517,"17,36",1,partner_c,test,q,03956
287,user287@example.com,James,Miller,8570 Cedar Ln,Georgetown,Lincoln,AL,35989,partner,555-101-6830,F,1998-11-28,2025-02-10,1,,eid287,A,O,testmail.org,tech,reviews,28.078205,-84.653833,2026-01-22,US,2482,"32,39",0,partner_c,james,miller,35989
288,user288@company.io,Chloe,Jackson,999 River Rd,Springfield,Washington,GU,24894,paid-search,555-679-8360,M,1970-06-25,2025-09-08,0,,eid288,W,O,testmail.org,travel,deals,43.035943,-113.360678,2026-03-18,US,2676,"29,34",1,internal,chloe,jackson,24894
289,user289@inbox.co,Michael,Lewis,2724 Main St,Georgetown,Clay,FL,34167,social,555-359-8777,M,1957-08-15,2025-02-20,0,,eid289,A,R,webmail.net,sports,reviews,29.121243,-86.571974,2026-05-17,,160,"2,27",1,vendor_a,michael,lewis,34167
290,no-at-sign.com,Paul,aaaa,683 Sunset Ave,Madison,Adams,TX,76540,partner,555-791-8581,F,1996-08-10,2025-10-27,0,,eid290,B,R,example.com,sports,tips,37.933690,-123.281782,2026-06-15,US,3309,"27,21",0,partner_c,paul,aaaa,76540
291,user291@testmail.org,Kevin,Clark,7020 Sunset Ave,Arlington,,KY,40583,organic,555-308-4705,M,1956-01-23,2025-09-14,1,,eid291,B,O,company.io,sports,reviews,40.655561,-73.238858,2026-08-19,US,66,"36,7",1,vendor_a,kevin,clark,40583
292,user292@testmail.org,David,Young,8171 Oak Ave,Georgetown,Clay,MO,63107,partner,555-796-4869,F,1961-06-05,2025-11-25,0,,eid292,W,R,inbox.co,auto,guides,25.834802,-88.333175,2026-08-18,US,1877,"16,37",1,vendor_b,david,young,63107
293,user293@company.io,Hannah,Miller,1604 Oak Ave,Clinton,Marion,MI,49495,partner,555-471-9839,F,1979-05-04,2025-01-04,1,,eid293,H,R,webmail.net,finance,trends,45.393584,-110.575554,2026-04-28,US,4855,"3,36",0,vendor_a,hannah,miller,49495
294,user294@webmail.net,Chloe,Lewis,2157 Sunset Ave,Madison,Lincoln,FL,32936,social,555-704-7519,M,1973-04-17,2025-12-28,0,,eid294,O,O,company.io,home,trends,25.840581,-78.980449,2026-08-26,US,4512,"48,5",1,vendor_a,chloe,lewis,32936
295,user295@example.com, ,Thomas,9858 Sunset Ave,Springfield,Adams,TN,0,paid-search,555-509-2081,F,1967-11-18,2025-08-28,0,,eid295,W,O,company.io,tech,trends,41.763414,-115.542519,2026-07-20,US,2611,"26,40",1,partner_c, ,thomas,0
296,,Test,Martin,2591 River Rd,Clinton,Marion,CO,81524,affiliate,555-116-8893,M,1972-03-21,2025-07-26,0,,eid296,O,R,company.io,home,guides,36.687221,-121.574583,2026-06-14,US,4269,"1,6",1,vendor_a,test,martin,81524
297,user297@example.com,Patricia,Walker,7650 Oak Ave,Clinton,Washington,AZ,79743,social,555-370-5828,F,1954-04-24,2025-06-03,1,,eid297,A,O,inbox.co,travel,news,45.564883,-74.137421,2026-01-18,US,2600,"20,36",0,vendor_a,patricia,walker,79743
298,user298@testmail.org,Robert,Miller,1501 Pine Rd,Georgetown,Monroe,DE,19616,paid-search,555-465-3272,F,1972-02-02,2025-04-20,0,,eid298,U,R,example.com,auto,guides,39.742182,-81.528179,2026-01-24,US,3619,"8,30",1,partner_c,robert,miller,19616
299,user299@inbox.co,Eric,Garcia,7907 Elm Blvd,Fairview,Franklin,ND,42269,paid-search,555-628-8833,F,1956-11-18,2025-03-09,0,,eid299,U,O,webmail.net,auto,guides,40.555444,-111.382258,2026-03-19,US,519,"24,34",0,vendor_a,eric,garcia,42269
300,,Anna,Anne-Marie,2611 Cedar Ln,Arlington,,KS,17771,paid-search,555-860-6294,F,1967-01-26,2025-11-05,1,,eid300,O,R,testmail.org,health,tips,41.886445,-70.640338,2026-07-14,US,1945,"15,21",1,internal,anna,anne-marie,17771
301,,Abcuser,Wright,7742 Hill St,Georgetown,Adams,KS,67890,social,555-821-6118,M,1947-12-12,2025-10-23,1,,eid301,H,R,webmail.net,health,reviews,31.222725,-121.979591,2026-06-25,US,3950,"25,3",1,partner_c,abcuser,wright,67890
302,user302@webmail.net,Brian,Dummy,3756 River Rd,Fairview,Adams,49,72259,affiliate,555-379-4972,M,1973-08-28,2025-08-16,0,,eid302,H,R,testmail.org,travel,deals,28.959197,-90.965163,2026-06-18,US,4149,"38,12",0,partner_c,brian,dummy,72259
303,  user303@example.com  ,Patricia,Green,3686 River Rd,Springfield,Marion,PA,015 8,affiliate,555-789-9883,M,1960-02-24,2025-07-25,0,,eid303,A,O,webmail.net,sports,reviews,27.635942,-112.399376,2026-08-20,US,1726,"21,36",0,partner_c,patricia,green,015 8
304,user@nodot,Jean-Pierre,Adams,3381 Pine Rd,Clinton,Clay,DC,20513,partner,555-894-4101,F,1943-01-23,2025-01-12,0,,eid304,B,R,webmail.net,travel,tips,29.853022,-81.663260,2026-08-11,US,4176,"35,31",1,vendor_b,jean-pierre,adams,20513
305,user305@inbox.co,Chloe,Test,5826 Main St,Georgetown,Marion,ID,78182,social,555-844-8981,M,1998-08-16,2025-10-22,1,,eid305,H,O,company.io,tech,deals,37.977275,-104.854658,2026-07-25,US,4304,"4,6",0,partner_c,chloe,test,78182
306,user306@testmail.org,David,King,,Arlington,Marion,ME,03799,social,555-144-4448,M,1989-05-16,2025-06-17,1,,eid306,O,R,testmail.org,finance,reviews,32.155507,-67.519784,2026-01-11,US,2187,"28,13",0,partner_c,david,king,03799
307,user307@inbox.co,Emily,Moore,4603 Sunset Ave,Greenville,Lincoln,NY,13352,affiliate,555-932-3360,M,1986-11-17,2025-09-18,0,,eid307,W,O,example.com,auto,reviews,40.469721,-105.912711,2026-07-12,US,909,"6,24",0,partner_c,emily,moore,13352
308,user308@company.io,aaaa,King,1474 Oak Ave,Riverside,Adams,WY,83307,organic,555-810-9547,M,1954-03-14,2025-05-21,1,,eid308,O,O,testmail.org,tech,deals,39.833655,-94.084780,2026-03-15,US,4613,"46,7",0,vendor_b,aaaa,king,83307
309,user309@webmail.net,Asdf,xx,227 Main St,Bristol,Jackson,DC,20282,partner,555-900-7207,F,1952-08-09,2025-12-18,1,,eid309,U,O,example.com,home,trends,40.746386,-80.166855,2026-02-13,US,4692,"13,9",0,vendor_a,asdf,xx,20282
310,user310@testmail.org,Hannah,Baker,1582 Pine Rd,Arlington,Clay,FL,08860,organic,555-775-9622,M,1997-05-25,2025-02-16,0,,eid310,O,O,company.io,sports,trends,48.720604,-84.821194,2026-08-27,US,4736,"20,47",1,vendor_a,hannah,baker,08860
311,user311@company.io,Sample,King,3122 Cedar Ln,,Adams,NJ,08522,organic,555-732-1119,F,1982-03-20,2025-01-04,0,,eid311,A,R,example.com,auto,news,38.138113,-111.503283,2026-05-26,US,3891,"8,11",1,internal,sample,king,08522
312,user312@company.io,Olivia,Taylor,5135 Pine Rd,Madison,Jefferson,OK,74554,affiliate,555-245-4829,M,1983-04-06,2025-03-19,0,,eid312,A,O,company.io,travel,guides,35.931732,-108.912798,2026-08-28,US,942,"27,45",0,internal,olivia,taylor,74554
313,user313@company.io,Mark,Garcia,7488 Sunset Ave,Clinton,Lincoln,CT,06696,affiliate,555-207-7103,F,1988-04-19,2025-02-16,0,,eid313,B,R,testmail.org,health,news,34.280457,-67.173864,2026-05-14,US,3283,"9,27",1,internal,mark,garcia,06696
314,  user314@company.io  ,Kevin,Anderson,7882 Maple Dr,Salem,Jefferson,MN,56709,paid-search,555-483-9569,M,1956-01-19,2025-09-23,0,,eid314,U,R,inbox.co,home,tips,42.394810,-89.527227,2026-07-19,US,2408,"18,7",0,vendor_a,kevin,anderson,56709
315,  user315@company.io  ,Laura,André,,Salem,Marion,NJ,08101,partner,555-162-7053,F,1947-04-24,2025-01-03,0,,eid315,W,O,example.com,finance,guides,42.602057,-112.704746,2026-01-12,US,3226,"31,23",1,vendor_b,laura,andré,08101
316,user316@testmail.org,Hannah,Martin,6436 Cedar Ln,Clinton,Adams,ID,0,organic,555-267-7305,M,1993-02-22,2025-07-16,0,,eid316,B,O,webmail.net,home,trends,40.769133,-114.695421,2026-01-22,US,4579,"1,27",0,vendor_b,hannah,martin,0
317,user317@webmail.net,A,Lewis,1527 Hill St,Georgetown,Montgomery,OR,44736,affiliate,555-100-7408,F,1948-06-25,2025-04-09,0,,eid317,W,O,inbox.co,auto,guides,33.598442,-107.823089,2026-07-19,US,2039,"30,29",0,vendor_a,a,lewis,44736
318,user318@example.com,A,Scott,1687 Hill St,Fairview,Jefferson,AK,99804,affiliate,555-140-8828,F,1988-04-18,2025-02-22,1,,eid318,B,R,webmail.net,health,guides,31.437887,-108.128408,2026-08-23,US,3075,"20,41",0,vendor_b,a,scott,99804
319,user319@webmail.net,James,Martin,9319 Maple Dr,Springfield,Jackson,ME,04537,social,555-650-1064,M,1962-09-18,2025-06-27,0,,eid319,U,R,inbox.co,travel,trends,46.659096,-105.885860,2026-07-22,US,2282,"4,5",0,internal,james,martin,04537
320,user320@webmail.net,Unknown,Baker,4428 Maple Dr,Arlington,Washington,nv,88577,partner,555-873-5257,M,1988-04-16,2025-05-08,0,,eid320,W,R,inbox.co,travel,deals,24.769351,-111.512059,2026-02-10,US,2463,"44,35",1,vendor_a,unknown,baker,88577
321,user321@inbox.co,Jean-Pierre,Adams,5878 Hill St,Arlington,Montgomery,MN,55176,social,555-307-2732,F,1971-10-05,2025-06-08,0,,eid321,W,O,webmail.net,auto,deals,47.238515,-110.639042,2026-04-18,US,4042,"32,3",0,vendor_a,jean-pierre,adams,55176
322,user322@testmail.org,Hannah,Brown,5207 River Rd,Georgetown,Montgomery,LA,71628,affiliate,555-908-7598,M,1986-01-12,2025-11-02,0,,eid322,W,R,company.io,travel,trends,33.745817,-69.274996,2026-06-23,,2439,"1,16",1,vendor_a,hannah,brown,71628
323,user323@example.com,Emily,Anderson,2975 Main St,Riverside,Montgomery,KS,67696,affiliate,555-651-2108,F,1993-12-01,2025-04-19,1,,eid323,A,R,testmail.org,tech,trends,42.985540,-92.040509,2026-08-27,US,2107,"23,39",1,partner_c,emily,anderson,67696
324,user324@example.com,Patricia,Thomas,4067 Oak Ave,Madison,Washington,PA,18811,partner,555-154-8832,M,1980-01-27,2025-07-23,1,,eid324,W,R,example.com,tech,guides,39.214973,-75.249907,2026-06-24,US,3861,"9,11",0,partner_c,patricia,thomas,18811
325,user325@testmail.org,Daniel,Clark,3753 Pine Rd,Fairview,Marion,KS,67654,paid-search,555-592-5694,F,1982-07-10,2025-09-26,1,,eid325,U,O,webmail.net,tech,reviews,24.946922,-84.017822,2026-02-12,US,3576,"36,20",0,vendor_b,daniel,clark,67654
326,  user326@inbox.co  ,Test,Clark,6325 Sunset Ave,Riverside,Monroe,OK,,partner,555-541-7678,M,1982-07-03,2025-01-02,0,,eid326,A,O,inbox.co,tech,deals,42.423759,-122.645504,2026-04-10,US,3732,"24,21",0,partner_c,test,clark,
327,user327@company.io,Mary,Young,8839 Cedar Ln,Springfield,Marion,OH,43627,organic,555-476-5116,F,1982-07-01,2025-02-14,1,,eid327,W,R,company.io,home,news,35.502961,-92.130640,2026-08-26,US,2263,"38,16",1,vendor_b,mary,young,43627
328,user328@webmail.net,Anna,Lee,4764 Elm Blvd,Georgetown,Monroe,NE,68857,affiliate,555-987-7858,F,1969-07-09,2025-10-27,1,,eid328,H,O,webmail.net,auto,news,49.933771,-83.136566,2026-04-23,US,710,"9,47",0,partner_c,anna,lee,68857
329,user329@inbox.co,Paul,Clark,3530 Hill St,Springfield,Clay,SC,29878,affiliate,555-947-4109,M,1977-12-04,2025-07-19,0,,eid329,W,R,company.io,tech,deals,26.940466,-119.600055,2026-07-21,US,3866,"12,49",0,vendor_b,paul,clark,29878
330,user330@webmail.net,Mark,Wright,7021 Oak Ave,Arlington,Monroe,ND,58251,paid-search,555-720-5909,F,1982-12-01,2025-06-26,0,,eid330,A,R,company.io,home,tips,29.485830,-116.507540,2026-08-23,US,2583,"43,38",1,vendor_a,mark,wright,58251
331,user331@testmail.org,Paul,bbbb,3517 River Rd,Madison,Lincoln,NY,12365,social,555-275-4117,M,1991-07-24,2025-01-26,1,,eid331,O,R,webmail.net,travel,tips,26.666228,-75.483426,2026-08-11,US,1967,"10,19",1,partner_c,paul,bbbb,12365
332,user332@testmail.org,,Martin,2412 Oak Ave,Fairview,Monroe,NY,12881,social,555-487-8535,F,1993-06-11,2025-09-16,1,,eid332,W,R,webmail.net,home,news,25.389198,-85.222577,2026-08-13,US,3711,"47,47",0,vendor_b,,martin,12881
333,user333@company.io,Robert,Wilson,799 Cedar Ln,Madison,Marion,CT,06885,organic,555-891-6329,F,1950-02-20,2025-05-06,1,,eid333,O,O,testmail.org,home,tips,26.419051,-87.259382,2026-03-18,US,3378,"45,43",0,vendor_b,robert,wilson,06885
334,user334@webmail.net,Grace,Johnson,8890 River Rd,Springfield,Clay,82,12A45,social,555-150-8039,F,1992-12-27,2025-09-22,0,,eid334,W,O,testmail.org,finance,reviews,34.582163,-113.756096,2026-05-21,US,610,"40,35",0,internal,grace,johnson,12A45
335,user335@testmail.org,Unknown,Green,603 Maple Dr,Franklin,Jefferson,MN,56594,social,555-801-5676,F,1971-02-02,2025-04-10,1,,eid335,U,O,company.io,auto,tips,33.892509,-80.030361,2026-02-16,US,184,"4,29",1,internal,unknown,green,56594
336,user336@inbox.co, ,Johnson,1769 Cedar Ln,Springfield,Washington,WA,98525,affiliate,555-671-9301,F,1973-03-04,2025-06-10,1,,eid336,W,O,inbox.co,health,trends,40.075395,-66.765309,2026-07-25,US,3828,"11,39",1,vendor_a, ,johnson,98525
337,user337@example.com,Andrew,Anderson,1660 Cedar Ln,Franklin,,SD,57235,affiliate,555-119-3840,F,1970-01-07,2025-04-07,0,,eid337,A,O,example.com,travel,trends,38.385212,-72.317812,2026-02-17,US,3366,"12,35",1,vendor_b,andrew,anderson,57235
338,not-an-email,Paul,Martin,5978 Elm Blvd,Fairview,Adams,CT,06933,organic,555-138-4364,F,1972-06-23,2025-12-06,0,,eid338,H,R,inbox.co,auto,guides,29.984581,-83.451177,2026-07-28,US,3659,"25,32",1,partner_c,paul,martin,06933
339,user339@company.io,Jean-Pierre,Brown,7305 Cedar Ln,Springfield,Monroe,AR,72885,affiliate,555-102-6806,M,1977-01-10,2025-10-18,1,,eid339,U,O,testmail.org,tech,deals,41.114160,-94.182262,2026-02-14,US,316,"20,19",0,internal,jean-pierre,brown,72885
340,  user340@webmail.net  ,Grace,Adams,6927 River Rd,Fairview,Adams,FL,32200,paid-search,555-465-3485,F,1992-06-26,2025-01-11,0,,eid340,H,R,webmail.net,auto,deals,45.211865,-107.728470,2026-06-12,US,215,"18,13",0,partner_c,grace,adams,32200
341,user341@webmail.net,Jason,Young,8517 Cedar Ln,Springfield,Jefferson,mn,10867,affiliate,555-698-7584,F,1992-07-21,2025-08-08,0,,eid341,U,O,testmail.org,finance,reviews,47.773798,-107.328777,2026-08-23,US,577,"2,20",1,vendor_b,jason,young,10867
342,user342@webmail.net,Robert,Martin,7016 Elm Blvd,,Lincoln,OH,44763,organic,555-283-1626,M,1986-03-17,2025-09-28,1,,eid342,U,O,example.com,health,deals,34.799753,-123.203432,2026-08-17,,4849,"4,3",1,vendor_a,robert,martin,44763
343,NULL,qqqq,Z,8085 Hill St,Georgetown,Clay,IA,51844,social,555-204-9823,M,1943-09-23,2025-02-27,0,,eid343,U,O,testmail.org,auto,trends,27.631286,-80.909940,2026-07-28,US,1184,"41,22",1,partner_c,qqqq,z,51844
344,user344@company.io,Grace,qqqq,6810 River Rd,Franklin,,,000CA,paid-search,555-130-2193,M,1981-01-15,2025-02-17,1,,eid344,O,R,webmail.net,home,reviews,38.048224,-96.313597,2026-08-14,US,806,"47,36",1,vendor_b,grace,qqqq,000CA
345,user345@webmail.net,Asdf,Baker,9187 Pine Rd,Georgetown,Jefferson,GU,123456,organic,555-941-3633,F,1941-01-06,2025-06-23,0,,eid345,A,O,company.io,home,deals,47.846624,-104.164762,2026-03-26,US,3437,"48,9",1,internal,asdf,baker,123456
346,user346@example.com,Sarah,Garcia,3710 Oak Ave,Madison,Monroe,MI,123456,paid-search,555-495-7911,M,1961-12-02,2025-12-28,0,,eid346,O,R,example.com,auto,guides,32.273867,-109.436703,2026-04-14,US,2103,"2,46",0,partner_c,sarah,garcia,123456
347,@missinglocal,qqqq,Scott,6173 Sunset Ave,Madison,,TX,76273,paid-search,555-227-7110,F,1956-09-05,2025-06-11,0,,eid347,W,O,example.com,home,news,42.341792,-68.378455,2026-03-17,US,2319,"7,39",1,internal,qqqq,scott,76273
348,user348@company.io,Andrew,Walker,9011 Main St,Fairview,,NH,03234,social,555-283-5543,F,1974-03-07,2025-03-02,1,,eid348,A,R,inbox.co,sports,news,29.606720,-67.573534,2026-06-18,US,374,"27,37",1,partner_c,andrew,walker,03234
349,user349@webmail.net,Linda,Young,1433 Pine Rd,,Franklin,CA,91626,paid-search,555-413-3126,M,1969-07-16,2025-02-13,0,,eid349,H,R,webmail.net,tech,deals,43.435445,-101.017353,2026-07-26,US,3611,"31,13",0,vendor_a,linda,young,91626
350,user350@company.io,Mary,q,3702 River Rd,Riverside,Washington,SC,29668,organic,555-232-6768,F,1983-01-18,2025-11-05,1,,eid350,W,R,inbox.co,travel,news,48.978281,-123.991880,2026-04-25,US,3226,"34,24",0,internal,mary,q,29668
351,..@..,A,Sample,204 Lake Dr,,Washington,IL,61856,partner,555-985-1878,F,1956-12-08,2025-10-08,1,,eid351,O,O,webmail.net,sports,guides,28.918089,-66.769454,2026-05-26,US,317,"10,47",0,vendor_b,a,sample,61856
352,user352@inbox.co,Laura,Wright,8621 Elm Blvd,Clinton,Montgomery,IA,51398,social,555-530-1862,M,1992-10-20,2025-01-04,0,,eid352,O,R,company.io,health,guides,33.753847,-96.454523,2026-01-11,,3719,"2,7",0,internal,laura,wright,51398
353,  user353@inbox.co  ,aaaa,Moore,3799 Main St,Salem,Adams,ZZ,42753,partner,555-238-8426,F,1961-04-09,2025-09-22,1,,eid353,H,R,inbox.co,health,tips,38.615215,-68.884271,2026-05-22,US,3956,"17,21",1,vendor_a,aaaa,moore,42753
354,user354@inbox.co,Kevin,Thomas,1812 Oak Ave,Arlington,,ID,83596,paid-search,555-819-8722,M,1970-12-27,2025-12-09,0,,eid354,O,R,testmail.org,travel,reviews,40.786511,-99.602469,2026-05-13,US,686,"8,39",0,vendor_b,kevin,thomas,83596
355,user355@company.io,Asdf,Müller,4476 Oak Ave,Salem,Monroe,LA,70323,affiliate,555-603-9946,F,1997-02-21,2025-11-16,1,,eid355,W,O,example.com,finance,tips,35.106062,-86.044112,2026-04-24,US,589,"7,3",0,vendor_b,asdf,müller,70323
356,..@..,Mary,Anderson,5674 Maple Dr,,Lincoln,PA,16506,partner,555-434-1882,M,1956-04-16,2025-09-09,0,,eid356,U,R,webmail.net,travel,reviews,36.769060,-74.071023,2026-05-24,US,3003,"28,37",0,partner_c,mary,anderson,16506
357,user357@testmail.org,Linda,Green,3246 Maple Dr,Franklin,Washington,NY,12117,organic,555-100-4172,F,1972-10-26,2025-08-14,0,,eid357,B,O,company.io,health,news,47.579718,-120.419560,2026-03-13,US,450,"18,23",0,partner_c,linda,green,12117
358,user358@webmail.net,Sarah,Lee,8013 Lake Dr,Arlington,Adams,SD,57943,affiliate,555-590-1005,M,1958-08-28,2025-04-15,1,,eid358,W,R,example.com,home,tips,34.218582,-115.426236,2026-04-22,US,3107,"30,9",0,vendor_b,sarah,lee,57943
359,user359@testmail.org,Grace,Scott,3763 Maple Dr,,Monroe,DE,19530,paid-search,555-682-9676,F,1943-06-03,2025-08-05,1,,eid359,A,O,company.io,sports,tips,41.672965,-66.859659,2026-02-24,US,4518,"17,38",0,partner_c,grace,scott,19530
360,user360@testmail.org,Patricia,Walker,2826 Maple Dr,Riverside,,KY,42297,affiliate,555-106-9431,F,1966-05-03,2025-05-05,0,,eid360,U,R,company.io,travel,news,41.140192,-107.951376,2026-08-21,US,1753,"45,6",0,vendor_b,patricia,walker,42297
361,user361@testmail.org,Chloe,Young,3651 Main St,Riverside,Montgomery,MA,01274,social,555-760-7899,F,1988-08-20,2025-05-06,0,,eid361,A,R,example.com,finance,deals,34.440225,-83.570840,2026-05-26,US,3797,"30,8",0,vendor_a,chloe,young,01274
362,user362@testmail.org,J,Asdf,5768 Maple Dr,Salem,Montgomery,WV,24377,affiliate,555-668-7839,F,1990-06-18,2025-04-08,1,,eid362,U,R,inbox.co,tech,guides,28.375912,-67.389028,2026-02-16,US,1517,"37,3",0,partner_c,j,asdf,24377
363,user363@example.com,Robert,Martin,2847 Cedar Ln,Riverside,Adams,NY,12344,affiliate,555-358-5366,F,1982-10-14,2025-09-25,1,,eid363,W,R,testmail.org,home,tips,25.247771,-74.435189,2026-01-11,US,1463,"9,21",1,vendor_a,robert,martin,12344
364,user364@company.io,Brian,Abcuser,765 Maple Dr,Arlington,Jackson,ME,03942,paid-search,555-112-6766,M,1953-02-21,2025-04-01,1,,eid364,W,R,webmail.net,auto,tips,40.242049,-70.780681,2026-08-19,US,139,"47,43",0,vendor_a,brian,abcuser,03942
365,user365@testmail.org,Andrew,Clark,4870 Oak Ave,Salem,Monroe,FL,32899,organic,555-901-5754,M,1945-09-21,2025-08-21,0,,eid365,W,R,webmail.net,finance,tips,47.502671,-117.661551,2026-01-11,US,1578,"36,19",1,vendor_a,andrew,clark,32899
366,user366@example.com,Brian,Green,7237 Hill St,Salem,Adams,WV,25958,affiliate,555-196-2989,F,1990-04-28,2025-06-10,0,,eid366,O,R,example.com,travel,guides,25.249628,-70.501144,2026-03-25,US,4814,"12,41",1,partner_c,brian,green,25958
367,user367@company.io,James,Lee,1452 Cedar Ln,Franklin,Adams,XX,17255,paid-search,555-562-3384,F,1999-05-17,2025-11-04,0,,eid367,H,R,testmail.org,health,reviews,29.769895,-112.609033,2026-08-13,US,2348,"26,15",0,partner_c,james,lee,17255
368,user368@company.io,aaaa,Martin,,Bristol,Jefferson,TX,79426,paid-search,555-917-9694,M,1989-10-10,2025-10-01,1,,eid368,U,O,inbox.co,travel,news,42.575170,-77.966798,2026-01-25,US,4927,"36,11",1,vendor_b,aaaa,martin,79426
369,user369@company.io,Chloe,Smith,,Salem,Clay,DE,19379,paid-search,555-471-9590,F,1955-12-24,2025-11-16,0,,eid369,O,R,example.com,tech,news,34.971785,-116.673324,2026-08-22,US,4891,"4,45",1,internal,chloe,smith,19379
370,user370@inbox.co,Jason,José,6300 Maple Dr,,Adams,DC,20439,social,555-441-5088,F,1956-05-21,2025-02-07,0,,eid370,U,O,example.com,auto,tips,27.988518,-119.029513,2026-07-23,US,2889,"41,12",1,internal,jason,josé,20439
371,  user371@webmail.net  ,Chloe,Wright,2628 Main St,Salem,Montgomery,WI,53743,partner,555-823-2606,F,1986-09-09,2025-08-11,0,,eid371,H,R,testmail.org,sports,trends,27.813946,-85.095080,2026-06-21,US,55,"48,22",1,vendor_b,chloe,wright,53743
372,user372@testmail.org,Sophia,Smith,825 Sunset Ave,Madison,Monroe,VT,05482,organic,555-853-9225,M,1977-12-23,2025-07-05,0,,eid372,H,R,example.com,auto,trends,34.586336,-91.529361,2026-02-21,US,2649,"7,44",0,vendor_b,sophia,smith,05482
373,user373@company.io,Laura,Moore,745 Lake Dr,Madison,Jackson,UT,84554,partner,555-155-1968,M,1984-01-19,2025-04-19,1,,eid373,O,R,example.com,tech,trends,37.917615,-94.720538,2026-04-18,US,1420,"24,45",0,internal,laura,moore,84554
374,user374@company.io,Chloe,Abcuser,9965 Oak Ave,Bristol,Clay,NC,99879,paid-search,555-427-8420,M,1951-03-07,2025-09-18,0,,eid374,W,R,webmail.net,home,reviews,37.238129,-112.576488,2026-01-27,US,4965,"49,18",1,partner_c,chloe,abcuser,99879
375,user375@example.com,Daniel,Wilson,4482 Sunset Ave,Greenville,,LA,70331,partner,555-956-7452,F,1948-07-12,2025-04-10,0,,eid375,B,R,inbox.co,home,reviews,46.080955,-116.852835,2026-02-16,US,1724,"23,39",1,vendor_a,daniel,wilson,70331
376,,Sophia,Johnson,1597 Sunset Ave,Clinton,Monroe,KS,67939,social,555-215-1111,F,1970-12-26,2025-03-27,0,,eid376,A,O,testmail.org,sports,deals,44.387304,-106.132391,2026-02-19,US,1078,"18,7",0,partner_c,sophia,johnson,67939
377,  user377@company.io  ,Mark,Fakeuser,9214 Hill St,Bristol,Washington,ND,99385,partner,555-686-1255,F,1961-03-16,2025-07-09,0,,eid377,U,O,company.io,auto,tips,29.064428,-113.285819,2026-04-11,US,430,"41,42",1,partner_c,mark,fakeuser,99385
378,user378@webmail.net,Hannah,Lewis,7929 Hill St,Fairview,Clay,KY,40938,organic,555-759-2661,M,1987-02-26,2025-12-10,0,,eid378,A,R,webmail.net,sports,guides,44.262913,-120.992712,2026-02-11,US,4063,"19,34",1,vendor_b,hannah,lewis,40938
379,user379@example.com,Anna,Miller,3649 Pine Rd,Fairview,Monroe,SC,30350,social,555-955-9315,F,1985-03-25,2025-08-16,0,,eid379,U,O,webmail.net,home,tips,42.521753,-71.571758,2026-03-24,US,4475,"8,37",1,partner_c,anna,miller,30350
380,user380@company.io,qqqq,Thomas,1770 Pine Rd,Georgetown,Adams,DC,20951,affiliate,555-446-9299,F,1950-09-27,2025-04-26,1,,eid380,A,O,testmail.org,auto,reviews,48.375094,-113.663279,2026-05-25,US,4477,"21,13",1,vendor_b,qqqq,thomas,20951
381,user@@double.com,Hannah,Clark,3074 Main St,Clinton,Lincoln,CA,95555,social,555-863-8245,F,1951-04-03,2025-04-10,0,,eid381,O,R,example.com,travel,guides,36.237005,-122.458498,2026-05-13,US,2863,"47,10",1,vendor_b,hannah,clark,95555
382,user382@example.com,Andrew,Taylor,2282 Lake Dr,Bristol,Marion,DE,19567,social,555-808-7536,F,1973-02-26,2025-05-05,1,,eid382,B,R,inbox.co,tech,trends,26.804677,-76.169449,2026-07-17,US,3295,"19,15",0,vendor_b,andrew,taylor,19567
383,user383@testmail.org,Linda,Clark,1254 Main St,Clinton,Jefferson,ME,03221,social,555-319-1222,F,1962-10-10,2025-10-03,0,,eid383,O,R,company.io,finance,tips,43.769297,-99.224841,2026-05-13,,109,"13,29",0,vendor_a,linda,clark,03221
384,user384@webmail.net,Daniel,Wilson,200 Hill St,Bristol,Lincoln,HI,65350,affiliate,555-724-6595,M,1964-07-16,2025-04-15,1,,eid384,A,R,webmail.net,sports,guides,39.190439,-77.575909,2026-03-24,US,4503,"2,25",1,internal,daniel,wilson,65350
385,@missinglocal,Hannah,Clark,7366 Elm Blvd,Bristol,Marion,nm,88979,paid-search,555-986-4840,F,1994-12-16,2025-02-01,0,,eid385,W,O,company.io,travel,news,46.235309,-90.216864,2026-01-25,US,1748,"49,46",0,partner_c,hannah,clark,88979
386,user386@example.com,Andrew,Scott,796 Oak Ave,Fairview,Marion,MS,66299,partner,555-779-3830,F,1983-02-16,2025-12-24,1,,eid386,A,R,testmail.org,home,news,30.606937,-67.500393,2026-08-11,US,2109,"30,38",0,internal,andrew,scott,66299
387,user387@webmail.net,Jean-Pierre,Miller,3157 River Rd,Greenville,Washington,MI,49139,social,555-485-2238,F,1992-05-13,2025-03-20,1,,eid387,H,R,webmail.net,tech,trends,33.520584,-93.463434,2026-07-19,US,3837,"19,22",1,partner_c,jean-pierre,miller,49139
388,user388@testmail.org,Zoë,François,6903 Oak Ave,Salem,Lincoln,NE,69309,social,555-207-7449,M,1985-12-05,2025-03-08,1,,eid388,U,O,inbox.co,auto,deals,48.744375,-108.025185,2026-07-23,,4141,"30,3",1,vendor_b,zoë,françois,69309
389,user389@inbox.co,François,Miller,8409 Cedar Ln,Franklin,Jefferson,RI,03762,affiliate,555-825-6229,F,1970-06-16,2025-03-08,1,,eid389,O,O,testmail.org,travel,guides,25.744487,-77.370630,2026-04-19,US,4855,"4,4",1,vendor_b,françois,miller,03762
390,user390@company.io,bbbb,Green,2757 Elm Blvd,Springfield,,OK,73509,partner,555-973-4001,M,1944-09-03,2025-08-12,1,,eid390,H,R,company.io,finance,trends,36.242456,-91.937679,2026-03-26,US,2041,"17,28",0,vendor_b,bbbb,green,73509
391,  user391@webmail.net  ,Linda,Young,731 Sunset Ave,Georgetown,Washington,SD,24811,social,555-463-8570,M,1960-06-15,2025-07-16,1,,eid391,A,R,example.com,health,guides,30.523889,-70.848401,2026-06-11,US,3406,"37,34",1,vendor_b,linda,young,24811
392,user392@example.com,A,Brown,1253 Cedar Ln,Salem,Washington,NJ,07475,partner,555-954-8176,F,1978-01-10,2025-11-06,1,,eid392,O,O,inbox.co,finance,tips,24.703737,-97.535834,2026-04-24,US,1284,"7,31",1,vendor_a,a,brown,07475
393,user393@inbox.co,David,Garcia,6270 Pine Rd,Bristol,Clay,DE,19348,organic,555-270-9235,F,1954-11-02,2025-01-09,0,,eid393,A,R,inbox.co,finance,tips,32.882604,-99.266519,2026-02-11,US,1097,"3,36",0,internal,david,garcia,19348
394,user394@company.io,Patricia,Young,9388 River Rd,,Marion,AZ,85614,paid-search,555-200-5651,F,1974-02-18,2025-01-12,1,,eid394,B,R,testmail.org,home,trends,46.216471,-99.773511,2026-05-15,US,120,"14,12",0,internal,patricia,young,85614
395,user395@company.io,Andrew,Wright,1811 Elm Blvd,Riverside,Marion,MT,59889,organic,555-360-4810,F,1963-08-19,2025-02-16,0,,eid395,U,O,company.io,sports,reviews,39.267519,-94.852668,2026-01-13,US,461,"42,3",0,vendor_b,andrew,wright,59889
396,,Jason,Scott,1899 Pine Rd,Madison,,ne,69979,affiliate,555-535-3664,M,1976-11-08,2025-07-27,1,,eid396,W,O,testmail.org,health,trends,44.443791,-68.792570,2026-07-23,US,1182,"35,15",0,vendor_b,jason,scott,69979
397,,Andrew,Zoë,7233 Hill St,Bristol,Marion,WY,83793,affiliate,555-699-2494,F,1981-11-21,2025-02-27,0,,eid397,B,O,company.io,finance,reviews,45.556535,-74.891478,2026-08-23,US,2458,"20,46",0,internal,andrew,zoë,83793
398,user398@example.com,Kevin,Lee,5527 Hill St,Georgetown,Adams,LA,71753,paid-search,555-731-6467,F,1972-07-26,2025-01-26,0,,eid398,O,O,example.com,sports,tips,39.263400,-81.021286,2026-04-15,US,1507,"30,34",0,vendor_b,kevin,lee,71753
399,user399@example.com,Grace,Lewis,6217 Hill St,Fairview,Jackson,IL,61580,paid-search,555-231-4222,M,1941-12-06,2025-09-27,0,,eid399,A,R,testmail.org,auto,news,41.258913,-105.914505,2026-04-13,US,2734,"29,4",0,vendor_a,grace,lewis,61580
400,user400@company.io,Paul,Test,6128 Pine Rd,Madison,Clay,CT,06372,paid-search,555-638-8476,M,1969-10-15,2025-06-20,0,,eid400,B,R,example.com,health,tips,40.082684,-80.638890,2026-08-14,US,3632,"20,48",1,vendor_a,paul,test,06372
401,user@nodot,Paul,Hall,1579 Lake Dr,Bristol,Washington,ky,40634,partner,555-675-9433,M,1950-12-19,2025-06-10,0,,eid401,W,O,testmail.org,auto,tips,40.832438,-121.632963,2026-01-27,US,1805,"2,15",1,vendor_b,paul,hall,40634
402,user402@testmail.org,Dummy,Thomas,751 Maple Dr,Arlington,Marion,LA,71427,social,555-737-1887,M,1960-01-13,2025-08-01,0,,eid402,B,R,inbox.co,home,trends,48.994263,-103.742664,2026-02-20,US,2547,"34,32",1,vendor_b,dummy,thomas,71427
403,user403@company.io,Laura,Johnson,3029 River Rd,Georgetown,Clay,AZ,86339,paid-search,555-769-1718,F,1950-05-18,2025-03-02,1,,eid403,A,R,testmail.org,health,guides,36.437217,-104.580442,2026-05-16,US,4125,"14,32",0,partner_c,laura,johnson,86339
404,user404@example.com,David,Walker,463 Elm Blvd,Bristol,Washington,CT,06763,affiliate,555-593-1224,F,1964-04-12,2025-04-28,0,,eid404,U,O,webmail.net,travel,news,33.576275,-80.329213,2026-04-25,US,595,"38,38",0,internal,david,walker,06763
405,user405@webmail.net,Grace,K,3293 Oak Ave,Springfield,Jackson,CT,60798,organic,555-418-9863,M,1984-11-13,2025-01-20,0,,eid405,U,R,company.io,travel,reviews,27.920390,-110.110776,2026-04-24,US,579,"14,4",1,vendor_b,grace,k,60798
406,user406@company.io,Patricia,Adams,1852 Pine Rd,Madison,Clay,MN,56428,partner,555-122-9224,M,1978-08-08,2025-11-19,0,,eid406,H,R,testmail.org,travel,news,43.177519,-75.139991,2026-01-18,US,4966,"33,35",0,internal,patricia,adams,56428
407,,Andrew,King,6192 Maple Dr,Springfield,Marion,MS,39567,paid-search,555-216-3901,F,1975-09-15,2025-03-12,0,,eid407,O,R,testmail.org,home,reviews,27.461242,-121.152329,2026-03-20,US,2851,"7,45",0,vendor_b,andrew,king,39567
408,user408@company.io,Chloe,Smith,2246 Oak Ave,Greenville,Franklin,KY,41474,partner,555-391-8770,M,1940-08-09,2025-10-13,0,,eid408,O,R,webmail.net,sports,tips,31.797817,-98.035847,2026-03-22,US,2708,"21,32",0,partner_c,chloe,smith,41474
409,user409@example.com,Hannah,Thomas,3380 Elm Blvd,Clinton,Washington,HI,97290,social,555-658-9051,F,1943-10-19,2025-01-08,1,,eid409,A,O,webmail.net,finance,deals,40.733271,-102.396776,2026-01-25,US,4077,"16,48",0,internal,hannah,thomas,97290
410,user410@company.io,Chloe,Johnson,3260 Cedar Ln,Greenville,Washington,OR,97264,organic,555-961-1381,F,1984-09-04,2025-10-03,1,,eid410,H,O,company.io,sports,trends,34.545848,-79.497812,2026-04-13,US,2346,"39,14",1,internal,chloe,johnson,97264
411,user411@testmail.org,Hannah,Hall,6607 Hill St,Greenville,Lincoln,ND,58177,organic,555-990-9579,M,1981-09-04,2025-11-07,1,,eid411,A,R,company.io,home,deals,30.222542,-116.882681,2026-05-12,US,1959,"39,15",0,partner_c,hannah,hall,58177
412,  user412@testmail.org  ,Olivia,Thomas,511 Main St,Georgetown,Monroe,MT,59731,partner,555-459-6779,M,1940-01-03,2025-10-26,0,,eid412,O,O,webmail.net,finance,trends,41.757687,-101.187972,2026-06-13,US,4877,"40,18",0,partner_c,olivia,thomas,59731
413,user413@example.com,Sarah,Lee,5072 Maple Dr,Bristol,Marion,ND,58106,paid-search,555-282-7701,M,1966-09-15,2025-10-07,0,,eid413,H,R,webmail.net,tech,news,24.623059,-115.226423,2026-07-25,US,2050,"36,14",1,vendor_b,sarah,lee,58106
414,,Olivia,Test,5534 Sunset Ave,Bristol,Jefferson,IA,51568,partner,555-613-4140,F,1943-07-20,2025-02-26,1,,eid414,W,O,inbox.co,travel,deals,39.011256,-97.176254,2026-07-10,US,4812,"36,28",1,vendor_a,olivia,test,51568
415,user415@testmail.org,David,Smith,1802 Pine Rd,Salem,Franklin,GA,31997,partner,555-705-7585,F,1974-10-11,2025-05-06,0,,eid415,O,R,example.com,tech,reviews,41.294472,-83.315556,2026-07-28,US,741,"7,29",0,internal,david,smith,31997
416,user416@testmail.org,D'Angelo,José,2383 Elm Blvd,Franklin,Washington,IA,52255,paid-search,555-884-8916,F,1988-11-25,2025-08-10,1,,eid416,H,O,company.io,health,trends,42.462801,-73.931376,2026-01-18,US,2893,"24,35",0,vendor_a,d'angelo,josé,52255
417,user417@example.com,Anna,Moore,5616 Cedar Ln,Greenville,Jackson,AL,35936,affiliate,555-646-3415,F,1996-05-05,2025-05-26,1,,eid417,W,O,testmail.org,finance,deals,46.935314,-103.879466,2026-04-21,US,2360,"19,41",0,partner_c,anna,moore,35936
418,user418@company.io,A,Anderson,561 Sunset Ave,Georgetown,Jackson,ok,74396,social,555-984-3208,F,1986-01-21,2025-01-21,0,,eid418,A,R,inbox.co,tech,trends,25.819415,-85.367448,2026-01-17,US,2594,"1,11",0,vendor_b,a,anderson,74396
419,user419@inbox.co,Sarah,Clark,3071 Lake Dr,Riverside,Marion,UT,84114,organic,555-610-1692,F,1979-03-04,2025-07-21,1,,eid419,H,O,webmail.net,tech,news,26.633367,-87.420668,2026-05-20,US,1241,"19,27",1,internal,sarah,clark,84114
420,@missinglocal,x,Taylor,7799 Sunset Ave,Georgetown,,,67425,affiliate,555-890-5485,M,1998-11-15,2025-06-15,1,,eid420,H,R,testmail.org,tech,reviews,40.550846,-97.483706,2026-06-20,US,1724,"14,33",1,partner_c,x,taylor,67425
421,user421@example.com,Grace,Wright,8530 Hill St,Salem,,AZ,85779,social,555-527-9159,F,1945-11-15,2025-01-18,1,,eid421,B,O,example.com,finance,tips,27.372237,-73.201886,2026-01-16,US,4303,"30,11",0,vendor_b,grace,wright,85779
422,user422@inbox.co,Brian,Taylor,9165 Sunset Ave,Salem,Marion,AZ,85337,affiliate,555-809-7839,F,1950-11-21,2025-06-27,1,,eid422,U,O,company.io,travel,reviews,30.466184,-88.663490,2026-03-25,US,4128,"6,24",1,vendor_a,brian,taylor,85337
423,,Anna,Wilson,3882 Pine Rd,Riverside,Clay,IL,62213,organic,555-316-5456,M,1995-05-12,2025-07-06,1,,eid423,O,O,inbox.co,home,reviews,43.546838,-119.757000,2026-08-21,US,2249,"43,44",1,partner_c,anna,wilson,62213
424,user424@example.com,James,Green,4816 Sunset Ave,,Montgomery,LA,70141,partner,555-600-9270,F,1953-10-17,2025-01-17,0,,eid424,H,R,company.io,sports,news,32.226544,-74.776548,2026-01-14,US,4317,"35,31",0,internal,james,green,70141
425,user425@webmail.net,James,Thomas,6818 Main St,Greenville,Washington,NC,28334,organic,555-211-3239,M,1952-01-09,2025-05-18,0,,eid425,U,O,testmail.org,tech,news,49.247838,-90.484055,2026-01-18,US,1713,"2,46",0,partner_c,james,thomas,28334
426,user426@company.io,Eric,Martin,9207 Pine Rd,Bristol,Marion,TN,65155,social,555-658-2195,F,1947-06-19,2025-09-28,1,,eid426,O,O,company.io,finance,reviews,43.179619,-89.139683,2026-02-25,US,3965,"40,30",0,internal,eric,martin,65155
427,user427@company.io,Xyz,Moore,4573 Hill St,Clinton,Adams,MO,64297,paid-search,555-108-8745,F,1967-02-06,2025-02-12,1,,eid427,W,R,testmail.org,travel,reviews,37.755795,-81.217012,2026-07-19,US,1870,"26,31",1,internal,xyz,moore,64297
428,user428@example.com,Kevin,Brown,3875 Cedar Ln,Fairview,Montgomery,MA,02293,paid-search,555-899-1650,F,1987-10-10,2025-04-06,0,,eid428,O,O,inbox.co,tech,tips,46.176129,-74.725436,2026-03-28,US,1249,"47,37",0,vendor_b,kevin,brown,02293
429,NULL,James,Young,3249 Oak Ave,Greenville,Washington,UT,84497,organic,555-676-1394,M,1947-01-05,2025-10-16,0,,eid429,H,O,example.com,home,deals,45.322358,-72.945609,2026-05-15,US,1924,"25,10",1,vendor_b,james,young,84497
430,user430@inbox.co,Sophia,Green,9111 Hill St,Springfield,Adams,ut,84516,partner,555-916-1512,M,1990-05-03,2025-10-23,1,,eid430,W,R,company.io,sports,tips,37.948287,-124.464117,2026-01-17,US,4326,"40,35",1,vendor_b,sophia,green,84516
431,user431@webmail.net,Paul,Jackson,536 Pine Rd,Arlington,Montgomery,DE,19404,paid-search,555-519-9592,F,1995-07-10,2025-06-12,1,,eid431,W,R,webmail.net,travel,deals,44.529367,-124.307540,2026-05-14,US,1493,"12,46",0,vendor_b,paul,jackson,19404
432,user432@webmail.net,Michael,Lewis,6785 Main St,Franklin,Lincoln,ND,58114,partner,555-734-1334,F,1945-09-25,2025-11-23,0,,eid432,O,R,testmail.org,health,reviews,26.873926,-81.058555,2026-04-11,US,1800,"43,5",0,partner_c,michael,lewis,58114
433,user433@testmail.org,Chloe,Lewis,7880 Sunset Ave,Franklin,Adams,IN,46331,partner,555-991-9230,M,1982-11-16,2025-06-14,1,,eid433,O,O,testmail.org,home,deals,43.437499,-69.461852,2026-02-19,US,4883,"32,22",1,vendor_b,chloe,lewis,46331
434,NULL,Anna,Clark,8109 Elm Blvd,Madison,Jackson,ZZ,78040,organic,555-220-7082,M,1999-04-10,2025-12-02,1,,eid434,B,O,example.com,travel,tips,31.654317,-107.838818,2026-04-20,US,348,"30,9",1,vendor_a,anna,clark,78040
435,user435@example.com,Michael,Green,4322 Main St,Greenville,Adams,WI,53322,organic,555-627-7140,M,1994-07-22,2025-04-05,1,,eid435,B,R,webmail.net,health,deals,46.481922,-75.721714,2026-05-19,US,255,"5,8",0,vendor_b,michael,green,53322
436,user436@inbox.co,Linda, ,3539 Elm Blvd,Riverside,Adams,MS,39319,partner,555-208-8188,M,1944-10-27,2025-05-04,1,,eid436,O,O,company.io,health,deals,27.436932,-91.307132,2026-07-10,US,3522,"8,46",0,vendor_a,linda, ,39319
437,not-an-email,Daniel,Sjöberg,642 Pine Rd,Greenville,Clay,AR,72149,organic,555-947-6154,M,1947-11-22,2025-02-19,1,,eid437,O,R,webmail.net,home,news,26.120794,-71.247818,2026-01-24,US,4812,"26,24",1,vendor_b,daniel,sjöberg,72149
438,user438@example.com,Michael,Walker,2593 Elm Blvd,Madison,Adams,WI,54895,affiliate,555-410-3898,F,1964-08-15,2025-07-11,1,,eid438,O,O,webmail.net,home,trends,46.807952,-124.933418,2026-02-28,US,1088,"10,35",1,vendor_b,michael,walker,54895
439,user439@example.com,Mark,Anderson,3334 Pine Rd,Bristol,Adams,LA,70624,paid-search,555-702-9921,M,1967-08-27,2025-06-24,1,,eid439,B,O,example.com,home,reviews,25.778320,-69.774675,2026-01-16,US,3005,"32,11",0,partner_c,mark,anderson,70624
440,user440@company.io,Sample,Young,8197 Hill St,Fairview,Clay,WV,25713,affiliate,555-620-2841,M,1963-02-21,2025-06-07,1,,eid440,H,O,inbox.co,tech,trends,48.254580,-109.124576,2026-05-21,US,3315,"33,11",1,partner_c,sample,young,25713
441,user441@webmail.net,Eric,Young,1742 Elm Blvd,Springfield,Adams,GU,,social,555-301-9531,F,1981-07-15,2025-02-06,0,,eid441,O,O,webmail.net,finance,reviews,35.253643,-93.184100,2026-05-14,US,3526,"26,31",0,internal,eric,young,
442,user442@webmail.net,aaaa,Adams,8133 Cedar Ln,Madison,Montgomery,VA,24530,affiliate,555-423-2848,F,1957-09-27,2025-11-07,0,,eid442,O,R,testmail.org,finance,reviews,40.472581,-98.015556,2026-06-18,US,1081,"23,18",0,vendor_a,aaaa,adams,24530
443,user443@testmail.org,Mark,Adams,9142 Cedar Ln,Salem,Franklin,SC,99810,social,555-620-8651,F,1969-07-08,2025-09-11,0,,eid443,B,O,testmail.org,auto,guides,32.119775,-103.466140,2026-05-25,US,2990,"25,22",1,vendor_b,mark,adams,99810
444,user444@testmail.org,Patricia,Smith,1189 Cedar Ln,Arlington,Washington,DE,19782,partner,555-976-9732,F,1978-09-23,2025-01-26,1,,eid444,O,R,testmail.org,sports,deals,29.440995,-67.971405,2026-01-20,US,3708,"15,26",0,vendor_a,patricia,smith,19782
445,@missinglocal,Chloe,aaaa,1338 Oak Ave,Georgetown,Clay,WA,99880,social,555-603-4020,F,1972-02-22,2025-02-15,0,,eid445,A,R,inbox.co,finance,tips,39.610592,-87.634243,2026-04-14,US,2789,"48,14",0,vendor_a,chloe,aaaa,99880
446,user446@testmail.org,Hannah,Adams,6591 Cedar Ln,Clinton,Franklin,IL,60136,social,555-857-3661,M,1943-01-11,2025-05-09,1,,eid446,A,R,example.com,finance,tips,31.201229,-103.427138,2026-06-22,US,436,"39,5",0,vendor_b,hannah,adams,60136
447,user447@webmail.net,Sophia,Scott,5594 Main St,Salem,Clay,WV,24344,partner,555-384-6263,F,1962-12-12,2025-05-27,1,,eid447,O,O,company.io,sports,deals,39.931744,-103.922719,2026-07-24,US,4255,"14,44",1,partner_c,sophia,scott,24344
448,user448@testmail.org,Anna,Jackson,4297 Lake Dr,Greenville,Washington,UT,84906,social,555-180-1302,M,1940-07-17,2025-06-26,0,,eid448,A,O,webmail.net,travel,deals,31.959041,-98.705633,2026-02-24,US,406,"6,29",0,vendor_b,anna,jackson,84906
449,user449@inbox.co,David,Green,1500 Main St,Arlington,Washington,CA,88904,affiliate,555-386-9065,M,1976-03-12,2025-10-07,0,,eid449,U,R,example.com,finance,trends,38.684735,-78.983143,2026-05-20,US,1460,"19,49",1,vendor_a,david,green,88904
450,user450@testmail.org,aaaa,Baker,5395 Cedar Ln,Bristol,Lincoln,MN,56307,social,555-869-4371,M,1981-01-17,2025-07-18,0,,eid450,B,O,inbox.co,home,tips,26.026509,-82.579995,2026-08-13,US,3766,"22,11",0,partner_c,aaaa,baker,56307
451,  user451@example.com  ,xx,Clark,5815 Lake Dr,Bristol,Washington,NC,28908,social,555-220-6723,M,1943-04-23,2025-07-09,0,,eid451,W,O,example.com,auto,news,35.798737,-101.788398,2026-08-16,US,3757,"13,39",1,vendor_b,xx,clark,28908
452,user452@webmail.net,Linda,François,7717 Maple Dr,Arlington,Monroe,KY,41943,paid-search,555-286-6796,F,1941-03-19,2025-08-17,0,,eid452,A,O,company.io,tech,news,38.189791,-69.534203,2026-06-15,US,1776,"1,17",1,partner_c,linda,françois,41943
453,,José,Moore,2506 Cedar Ln,Springfield,Clay,MO,64775,social,555-657-9761,F,1982-04-02,2025-08-20,0,,eid453,A,O,testmail.org,sports,news,44.985663,-103.745437,2026-07-10,US,22,"6,26",0,partner_c,josé,moore,64775
454,user454@webmail.net,Hannah,Hall,3434 Cedar Ln,Bristol,Jackson,IN,46980,partner,555-795-3415,M,1958-09-14,2025-04-21,0,,eid454,A,R,inbox.co,health,reviews,47.167603,-97.041226,2026-08-12,US,3595,"10,46",1,vendor_b,hannah,hall,46980
455,user455@testmail.org,Sophia,Adams,3000 Cedar Ln,Bristol,Clay,OR,97466,paid-search,555-490-5037,M,1976-03-14,2025-10-25,0,,eid455,B,O,inbox.co,tech,news,45.603161,-77.300999,2026-01-26,US,3556,"19,44",0,vendor_b,sophia,adams,97466
456,user456@inbox.co,Mark,Baker,1107 Oak Ave,Clinton,Adams,WA,99828,partner,555-782-8512,M,1990-01-23,2025-12-16,1,,eid456,O,O,company.io,home,deals,31.342354,-95.054475,2026-06-16,US,4786,"46,4",0,partner_c,mark,baker,99828
457,user457@inbox.co,Brian,Walker,8347 Sunset Ave,Bristol,Lincoln,KY,41327,partner,555-369-2466,M,1986-05-01,2025-06-24,0,,eid457,H,O,example.com,health,deals,44.940133,-84.776652,2026-01-15,US,4082,"12,43",0,internal,brian,walker,41327
458,user458@inbox.co,Mark,aaaa,493 Main St,Arlington,Monroe,SD,57795,organic,555-427-6485,F,1950-10-20,2025-06-11,0,,eid458,B,O,example.com,sports,tips,41.462910,-123.571165,2026-04-23,US,2983,"7,27",1,vendor_a,mark,aaaa,57795
459,user459@webmail.net,Michael,Scott,778 Main St,Bristol,Monroe,MA,02748,paid-search,555-248-6439,F,1948-02-11,2025-10-10,0,,eid459,U,O,company.io,finance,deals,33.697794,-94.499528,2026-07-13,US,4492,"48,18",0,internal,michael,scott,02748
460,user460@company.io,Mark,Johnson,720 Cedar Ln,Clinton,Lincoln,41,000CA,affiliate,555-827-4840,F,1953-02-10,2025-04-02,1,,eid460,U,R,testmail.org,auto,reviews,29.357120,-99.374248,2026-02-27,US,719,"33,45",1,partner_c,mark,johnson,000CA
461,user461@company.io,Emily,Lee,971 River Rd,Salem,Jackson,GA,31243,social,555-616-3467,M,1998-09-03,2025-12-15,0,,eid461,H,R,example.com,sports,tips,29.718527,-107.873233,2026-02-24,US,1451,"37,5",1,vendor_a,emily,lee,31243
462,user462@example.com,Anna,Thomas,225 Main St,Georgetown,Jackson,40,015 8,organic,555-583-8151,F,1958-03-05,2025-01-12,1,,eid462,O,O,example.com,auto,deals,36.914645,-66.245460,2026-06-17,US,642,"38,42",0,vendor_a,anna,thomas,015 8
463,user463@testmail.org,David,Anderson,2244 River Rd,Greenville,Adams,TN,37307,paid-search,555-888-7444,F,1992-07-15,2025-04-09,0,,eid463,H,R,company.io,auto,trends,35.408724,-100.247660,2026-02-14,US,1720,"29,37",0,vendor_a,david,anderson,37307
464,  user464@webmail.net  ,Paul,Hall,4724 Maple Dr,Springfield,Lincoln,OR,97242,partner,555-758-9344,F,1967-11-14,2025-11-11,0,,eid464,A,R,webmail.net,health,tips,28.524125,-82.158276,2026-08-18,US,4104,"6,24",0,vendor_b,paul,hall,97242
465,user465@example.com,Eric,Lee,2728 Maple Dr,Bristol,Washington,VA,23440,paid-search,555-598-8230,F,1967-04-15,2025-02-09,1,,eid465,A,R,inbox.co,auto,tips,34.140029,-87.521490,2026-08-22,US,832,"25,47",0,vendor_a,eric,lee,23440
466,user466@example.com,James,Anne-Marie,9160 Cedar Ln,Salem,Marion,IN,46380,organic,555-205-2675,F,1984-02-16,2025-10-28,0,,eid466,W,O,example.com,home,trends,30.670978,-70.143963,2026-02-11,US,2681,"16,37",0,internal,james,anne-marie,46380
467,user467@company.io,Michael,Thomas,3141 Elm Blvd,Clinton,Washington,IL,61473,social,555-343-1078,M,1954-06-07,2025-08-16,0,,eid467,O,R,example.com,health,deals,28.073363,-87.808066,2026-05-10,US,4508,"39,25",1,internal,michael,thomas,61473
468,NULL,Grace,Green,8305 Maple Dr,Clinton,Jefferson,NJ,08554,organic,555-932-6692,M,1988-07-03,2025-05-25,1,,eid468,A,R,testmail.org,tech,tips,38.890802,-97.552355,2026-04-19,US,789,"31,46",0,internal,grace,green,08554
469,user469@inbox.co,Laura,Clark,6921 Main St,Bristol,Franklin,UT,84110,social,555-974-1238,M,1987-02-12,2025-06-13,1,,eid469,A,O,testmail.org,health,trends,41.525659,-73.149057,2026-03-15,US,813,"9,23",0,internal,laura,clark,84110
470,user470@webmail.net,Mary,Hall,3467 Sunset Ave,Arlington,Monroe,CT,12405,organic,555-547-5389,M,1994-08-26,2025-11-09,1,,eid470,B,R,company.io,tech,deals,40.302538,-92.062395,2026-08-22,US,4439,"19,23",0,partner_c,mary,hall,12405
471,,Olivia,Brown,9303 Oak Ave,Clinton,Marion,FL,34758,social,555-713-9100,M,1952-04-17,2025-02-16,1,,eid471,W,O,company.io,home,guides,32.360841,-121.217400,2026-08-20,US,4916,"13,44",0,internal,olivia,brown,34758
472,user472@webmail.net,Eric,Clark,68 Oak Ave,Salem,Clay,CT,56917,social,555-898-7802,M,1961-07-11,2025-11-24,0,,eid472,A,O,company.io,auto,news,37.329102,-108.975021,2026-08-23,US,4675,"29,16",1,internal,eric,clark,56917
473,user473@company.io,Robert,Jackson,2335 Maple Dr,Springfield,Jefferson,56,25524,affiliate,555-863-1968,M,1971-10-04,2025-02-15,1,,eid473,B,O,company.io,home,news,24.401920,-104.653536,2026-01-27,US,2607,"39,30",1,vendor_b,robert,jackson,25524
474,user474@webmail.net,Michael,Jackson,6692 Main St,Springfield,Washington,GU,000CA,organic,555-383-7178,F,1983-02-27,2025-10-17,0,,eid474,W,O,inbox.co,finance,reviews,29.191967,-107.228718,2026-05-23,US,1717,"46,32",1,partner_c,michael,jackson,000CA
475,user475@inbox.co,Daniel,Martin,2634 Oak Ave,Salem,Clay,DE,80728,affiliate,555-266-2764,F,1950-11-15,2025-11-06,1,,eid475,H,O,webmail.net,finance,reviews,39.044319,-78.859680,2026-08-14,US,1799,"11,2",1,partner_c,daniel,martin,80728
476,user476@testmail.org,Chloe,Clark,,Georgetown,Jefferson,UT,84146,paid-search,555-654-8465,F,1979-07-09,2025-07-01,0,,eid476,H,O,webmail.net,auto,tips,28.681377,-98.836041,2026-06-20,US,1839,"11,40",0,vendor_a,chloe,clark,84146
477,user477@company.io,Laura,Johnson,9128 Elm Blvd,Greenville,Franklin,MT,59900,organic,555-608-9077,F,1959-03-15,2025-09-25,1,,eid477,H,O,example.com,health,reviews,47.647593,-87.903217,2026-01-16,US,1927,"28,30",1,vendor_a,laura,johnson,59900
478,,Daniel,Adams,8053 River Rd,Georgetown,Washington,ID,42226,organic,555-273-8557,M,1994-02-09,2025-08-17,0,,eid478,U,O,inbox.co,auto,reviews,31.031772,-79.859250,2026-04-21,US,3124,"22,12",1,vendor_a,daniel,adams,42226
479,user479@webmail.net,Patricia,Anne-Marie,2736 River Rd,Fairview,Marion,DE,19803,social,555-341-3163,F,1952-02-28,2025-12-03,1,,eid479,B,R,example.com,health,reviews,38.165225,-113.826809,2026-06-18,US,389,"5,13",0,partner_c,patricia,anne-marie,19803
480,user480@inbox.co,Eric,Test,5025 Oak Ave,Bristol,Montgomery,NE,69876,social,555-478-2954,F,1949-10-23,2025-03-04,1,,eid480,U,R,testmail.org,auto,reviews,41.039448,-99.153171,2026-02-10,US,4298,"26,26",1,vendor_b,eric,test,69876
481,user481@company.io,Mary,Jackson,543 Hill St,Franklin,Marion,DE,19240,partner,555-256-9857,M,1952-11-19,2025-05-05,1,,eid481,W,R,inbox.co,home,deals,30.849510,-76.115989,2026-01-17,US,2542,"34,21",1,internal,mary,jackson,19240
482,user482@example.com,Sophia,Taylor,5475 Lake Dr,Greenville,Montgomery,SD,57393,partner,555-894-7950,F,1944-12-05,2025-07-06,1,,eid482,A,R,example.com,health,trends,34.894150,-106.628931,2026-08-13,US,2362,"34,34",0,vendor_b,sophia,taylor,57393
483,user483@example.com,Michael,Lewis,6109 Pine Rd,Salem,Jefferson,HI,97651,organic,555-985-1203,F,1986-10-17,2025-04-12,1,,eid483,A,R,example.com,finance,reviews,28.698407,-115.127598,2026-03-15,US,1298,"31,13",1,vendor_a,michael,lewis,97651
484,user484@webmail.net,Michael,Scott,1773 Cedar Ln,Franklin,Jefferson,IA,39330,affiliate,555-122-2469,M,1956-01-04,2025-03-09,1,,eid484,A,R,company.io,finance,guides,31.804533,-76.094697,2026-04-11,US,1042,"5,34",0,internal,michael,scott,39330
485,user485@webmail.net,Brian,Thomas,9933 Lake Dr,Clinton,Clay,MI,48173,organic,555-821-7445,F,1940-06-21,2025-08-01,1,,eid485,H,R,example.com,home,trends,48.268320,-100.109391,2026-04-11,US,4098,"46,39",1,vendor_b,brian,thomas,48173
486,user486@example.com,Eric, ,7696 Sunset Ave,Salem,Monroe,NJ,07152,paid-search,555-776-3619,F,1996-04-21,2025-07-08,0,,eid486,B,O,company.io,auto,reviews,36.474615,-108.389976,2026-04-18,US,1310,"1,29",0,vendor_b,eric, ,07152
487,user487@inbox.co,Jason,Jackson,4299 Pine Rd,Franklin,Lincoln,AZ,86850,partner,555-473-2796,F,1970-08-19,2025-08-10,0,,eid487,U,R,company.io,tech,tips,38.785509,-92.161009,2026-03-20,US,258,"30,24",1,internal,jason,jackson,86850
488,user488@company.io,J,Green,8584 Cedar Ln,Greenville,Jefferson,WI,54361,affiliate,555-417-3165,F,1987-06-08,2025-11-18,0,,eid488,B,R,webmail.net,sports,guides,24.921303,-121.879008,2026-05-10,US,1654,"21,41",0,internal,j,green,54361
489,user489@webmail.net,Asdf,Baker,7084 Cedar Ln,Fairview,Jefferson,NJ,07200,social,555-433-3719,F,1968-05-14,2025-09-12,0,,eid489,O,R,example.com,auto,reviews,31.062918,-105.990514,2026-01-12,US,1577,"34,29",0,vendor_b,asdf,baker,07200
490,user490@inbox.co,Grace,Clark,9210 Elm Blvd,Salem,Franklin,WI,53349,affiliate,555-467-2148,F,1947-06-09,2025-10-01,1,,eid490,W,O,example.com,sports,reviews,46.866085,-80.313687,2026-06-17,US,3188,"26,22",1,vendor_b,grace,clark,53349
491,  user491@testmail.org  ,Andrew,Smith,1511 Oak Ave,Salem,,86,12A45,paid-search,555-303-4894,M,1971-03-14,2025-12-18,0,,eid491,B,R,webmail.net,health,reviews,32.514377,-81.470441,2026-08-17,US,2093,"44,19",1,vendor_b,andrew,smith,12A45
492,user492@example.com,xx,Martin,797 Elm Blvd,Riverside,Clay,DC,20177,social,555-914-6871,M,1964-04-01,2025-05-10,1,,eid492,O,O,inbox.co,tech,news,48.167660,-72.969248,2026-04-19,US,1979,"26,45",1,vendor_b,xx,martin,20177
493,user@nodot,Sarah,Moore,8792 River Rd,Franklin,Clay,CO,80384,partner,555-678-1224,M,1977-06-04,2025-10-06,1,,eid493,H,O,testmail.org,travel,guides,39.749147,-114.893093,2026-02-18,US,3635,"2,32",1,internal,sarah,moore,80384
494,user494@webmail.net,Grace,Scott,5490 Elm Blvd,Fairview,Montgomery,AK,99975,social,555-494-7957,F,1971-06-23,2025-03-17,0,,eid494,B,O,example.com,finance,news,34.245960,-71.339958,2026-08-27,US,3187,"24,49",1,vendor_a,grace,scott,99975
495,user495@testmail.org,bbbb,Young,9955 River Rd,Georgetown,Jackson,UT,84812,partner,555-161-7117,F,1974-10-10,2025-02-27,0,,eid495,B,R,webmail.net,tech,deals,42.789887,-100.734764,2026-07-22,US,3029,"13,2",1,vendor_a,bbbb,young,84812
496,..@..,aaaa,King,5471 Cedar Ln,Riverside,Clay,SD,57804,affiliate,555-482-8947,F,1953-02-24,2025-08-12,0,,eid496,H,O,testmail.org,travel,guides,46.384950,-90.303234,2026-08-18,US,2696,"10,20",0,vendor_a,aaaa,king,57804
497,user497@company.io,Paul,Hall,3829 Hill St,Arlington,Washington,NJ,14370,paid-search,555-572-3460,F,1950-08-20,2025-09-10,1,,eid497,A,R,webmail.net,finance,trends,44.213556,-74.760887,2026-07-23,US,2445,"28,15",1,partner_c,paul,hall,14370
498,user498@example.com,bbbb,Thomas,5889 River Rd,Riverside,Monroe,WY,01291,affiliate,555-472-5565,F,1949-10-23,2025-12-27,1,,eid498,H,O,webmail.net,tech,reviews,39.453949,-124.621243,2026-03-24,,3439,"39,11",0,internal,bbbb,thomas,01291
499,user499@inbox.co,Daniel,Moore,6793 Hill St,Georgetown,Clay,GU,89602,social,555-227-7569,F,1947-05-24,2025-04-14,1,,eid499,A,R,example.com,tech,trends,39.175222,-76.936020,2026-08-11,US,1826,"25,29",1,internal,daniel,moore,89602
500,user500@example.com,François,Lewis,8677 Main St,Arlington,Monroe,KY,41539,affiliate,555-571-5105,F,1996-05-16,2025-08-06,0,,eid500,B,O,webmail.net,home,guides,34.057274,-118.503265,2026-01-22,US,1304,"37,46",1,vendor_b,françois,lewis,41539
501,user501@webmail.net,Fakeuser,Wilson,3111 Lake Dr,,Franklin,VA,20240,organic,555-901-5829,M,1942-05-04,2025-11-04,0,,eid501,W,O,inbox.co,health,guides,42.884114,-110.524063,2026-01-13,US,3692,"13,41",1,vendor_a,fakeuser,wilson,20240
502,user502@company.io,Mary,José,6120 Cedar Ln,Salem,Marion,GU,123456,affiliate,555-556-2952,F,1983-06-08,2025-10-25,0,,eid502,A,O,example.com,tech,news,39.365320,-114.661311,2026-08-14,US,523,"19,10",0,vendor_b,mary,josé,123456
503,user503@company.io,Mary,Baker,4261 Pine Rd,Madison,Clay,TX,75858,paid-search,555-638-4135,M,1992-04-02,2025-11-09,1,,eid503,B,R,inbox.co,auto,guides,45.438626,-94.855013,2026-01-19,US,3616,"33,21",1,partner_c,mary,baker,75858
504,user504@inbox.co,Sarah,Miller,8490 Maple Dr,Greenville,Jackson,MT,36965,affiliate,555-384-3567,M,1967-11-04,2025-05-07,1,,eid504,U,O,webmail.net,auto,reviews,39.178181,-96.852974,2026-01-24,US,495,"26,3",1,vendor_b,sarah,miller,36965
505,,Hannah,Wilson,7185 Lake Dr,Madison,Adams,SC,000CA,partner,555-326-6943,F,1999-02-18,2025-07-03,0,,eid505,W,O,testmail.org,travel,trends,46.536364,-67.186760,2026-06-19,US,1776,"3,43",1,partner_c,hannah,wilson,000CA
506,user506@company.io,David,Hall,2868 Oak Ave,Georgetown,Washington,WY,82228,organic,555-692-2205,F,1961-04-06,2025-09-04,0,,eid506,O,O,inbox.co,sports,trends,39.109523,-84.770064,2026-04-23,US,2818,"31,16",1,internal,david,hall,82228
507,user507@inbox.co,Paul,Johnson,6428 Lake Dr,Clinton,Montgomery,AZ,86749,paid-search,555-985-1103,F,1953-08-18,2025-11-20,1,,eid507,A,O,company.io,auto,deals,48.738560,-72.444072,2026-06-17,US,1169,"49,9",1,internal,paul,johnson,86749
508,user508@webmail.net,Michael,Johnson,6235 Main St,Madison,Clay,GA,26996,affiliate,555-448-7160,M,1973-11-10,2025-06-14,0,,eid508,B,R,example.com,finance,guides,29.060987,-113.343792,2026-05-28,US,3351,"36,27",1,vendor_a,michael,johnson,26996
509,user509@webmail.net,bbbb,Taylor,2298 Pine Rd,Clinton,Clay,OR,97877,paid-search,555-723-4308,M,1943-03-24,2025-10-23,1,,eid509,U,O,company.io,health,reviews,29.943257,-113.206303,2026-05-27,US,3283,"4,48",0,vendor_a,bbbb,taylor,97877
510,user510@inbox.co,Anne-Marie,Miller,3536 Maple Dr,Springfield,Marion,SC,29513,paid-search,555-775-3589,M,1969-10-15,2025-02-16,0,,eid510,U,O,example.com,travel,tips,33.266990,-102.887280,2026-03-17,US,2875,"17,42",1,internal,anne-marie,miller,29513
511,user511@inbox.co,Michael,Clark,1812 Oak Ave,Bristol,,de,19693,affiliate,555-409-2490,M,1986-09-09,2025-12-07,1,,eid511,B,R,webmail.net,health,guides,38.801131,-108.548824,2026-07-20,US,2110,"37,19",0,internal,michael,clark,19693
512,user512@company.io,Kevin,Anderson,3426 Maple Dr,Clinton,Washington,WI,54648,paid-search,555-906-1828,F,1943-10-10,2025-06-28,0,,eid512,W,R,testmail.org,sports,tips,42.890938,-120.637940,2026-03-22,US,3367,"19,38",1,partner_c,kevin,anderson,54648
513,user513@testmail.org,Grace,Young,5687 Hill St,Arlington,Marion,HI,97573,social,555-565-6548,M,1998-04-16,2025-02-12,1,,eid513,U,R,inbox.co,home,reviews,45.410805,-119.436302,2026-02-18,US,2616,"15,13",1,vendor_a,grace,young,97573
514,,Hannah,Johnson,6487 Main St,Bristol,Monroe,IL,015 8,affiliate,555-405-9187,F,1967-04-14,2025-10-20,0,,eid514,H,R,example.com,home,reviews,38.067832,-74.132241,2026-08-19,US,628,"11,1",1,vendor_a,hannah,johnson,015 8
515,user515@example.com,Anna,Hall,9075 Sunset Ave,Madison,Clay,ID,84590,partner,555-284-2255,M,1954-11-10,2025-05-10,1,,eid515,O,O,company.io,finance,tips,27.244694,-104.340534,2026-01-15,,4671,"20,9",0,vendor_b,anna,hall,84590
516,user516@company.io,Patricia, ,9674 Oak Ave,Riverside,Marion,WV,26872,partner,555-730-2624,F,1963-06-04,2025-07-28,1,,eid516,A,O,inbox.co,travel,deals,24.928763,-90.271379,2026-05-17,US,1446,"41,25",0,vendor_b,patricia, ,26872
517,user517@company.io,Chloe,Walker,9491 Oak Ave,,Lincoln,nh,97114,affiliate,555-498-5475,M,1955-06-17,2025-10-27,0,,eid517,O,O,inbox.co,tech,news,44.669659,-103.084786,2026-02-19,US,540,"6,43",1,vendor_a,chloe,walker,97114
518,user518@testmail.org,Michael,Adams,5835 River Rd,Fairview,Franklin,VI,29854,affiliate,555-940-7258,M,1966-09-11,2025-10-09,1,,eid518,W,O,example.com,tech,deals,34.054730,-108.793297,2026-07-24,US,4386,"26,18",0,partner_c,michael,adams,29854
519,not-an-email,Linda,José,5070 Lake Dr,Salem,Washington,MO,65328,partner,555-625-1592,F,1973-09-20,2025-05-04,0,,eid519,B,O,testmail.org,tech,tips,43.080533,-110.076833,2026-06-19,,1279,"20,15",0,internal,linda,josé,65328
520,user520@testmail.org,Daniel,Adams,9118 Lake Dr,,Jackson,NJ,07120,affiliate,555-129-4590,M,1985-03-24,2025-08-14,0,,eid520,W,R,inbox.co,home,trends,39.569327,-79.653980,2026-05-22,US,36,"17,3",1,vendor_b,daniel,adams,07120
521,user521@example.com,Robert,Anderson,8799 Oak Ave,Springfield,Jefferson,UT,84961,partner,555-167-7715,M,1987-07-26,2025-02-07,0,,eid521,B,O,webmail.net,home,reviews,44.673128,-114.977436,2026-01-26,US,1755,"21,14",1,vendor_b,robert,anderson,84961
522,user522@inbox.co,Grace,qqqq,2254 Elm Blvd,Franklin,Monroe,MD,21881,partner,555-382-1817,M,1972-10-19,2025-09-23,1,,eid522,A,R,example.com,sports,guides,34.398632,-118.821761,2026-01-16,US,3909,"16,32",1,vendor_b,grace,qqqq,21881
523,user523@example.com,Linda,Unknown,2262 Oak Ave,Greenville,Jefferson,OR,97368,affiliate,555-600-5657,M,1999-07-02,2025-03-08,1,,eid523,W,O,webmail.net,travel,trends,27.148827,-72.749051,2026-04-15,,2644,"44,20",1,partner_c,linda,unknown,97368
524,user524@webmail.net,Fakeuser,Miller,5560 Oak Ave,Bristol,Franklin,NE,69938,organic,555-464-8342,M,1955-09-10,2025-03-26,0,,eid524,A,O,inbox.co,tech,deals,46.409069,-103.725468,2026-07-21,US,601,"6,42",0,internal,fakeuser,miller,69938
525,user name@x.com,James,Johnson,5834 Hill St,,Montgomery,WA,99375,social,555-388-5793,M,1999-02-13,2025-01-18,1,,eid525,B,R,testmail.org,auto,tips,43.473304,-71.569449,2026-03-19,US,2079,"46,44",1,vendor_b,james,johnson,99375
526,user526@webmail.net,Chloe,Taylor,4692 Elm Blvd,Riverside,Franklin,ND,62605,partner,555-912-2172,M,1941-09-11,2025-11-27,1,,eid526,O,R,company.io,finance,tips,31.725534,-81.250743,2026-08-13,US,3839,"40,6",1,vendor_b,chloe,taylor,62605
527,user name@x.com,Mark,Young,3191 Main St,Springfield,Jackson,WA,03311,paid-search,555-775-8543,M,1944-10-08,2025-10-27,1,,eid527,W,O,inbox.co,sports,guides,25.120124,-89.097360,2026-03-17,US,3328,"15,5",1,vendor_a,mark,young,03311
528,user528@testmail.org,Jason,Clark,5071 Pine Rd,Arlington,Lincoln,NM,88980,partner,555-688-5255,F,1980-03-26,2025-05-24,1,,eid528,H,O,testmail.org,travel,tips,46.977354,-70.434792,2026-04-18,US,4827,"6,9",1,partner_c,jason,clark,88980
529,user529@example.com,Laura,Brown,3576 Sunset Ave,Georgetown,Montgomery,NH,46988,affiliate,555-465-4278,F,1999-08-04,2025-06-10,1,,eid529,A,R,testmail.org,tech,news,31.628070,-82.425101,2026-05-28,US,3842,"29,18",1,vendor_b,laura,brown,46988
530,user@@double.com,Olivia,Taylor,3780 Hill St,Springfield,Washington,KS,67968,paid-search,555-521-6771,F,1984-06-24,2025-03-17,0,,eid530,A,R,inbox.co,health,reviews,43.249268,-76.036121,2026-02-13,US,1072,"37,49",0,internal,olivia,taylor,67968
531,user531@company.io,Mark,,2932 Maple Dr,Franklin,Franklin,IL,60468,organic,555-798-1610,F,1951-04-06,2025-04-15,1,,eid531,A,R,testmail.org,auto,reviews,43.483034,-108.619166,2026-05-16,US,1952,"10,21",0,vendor_b,mark,,60468
532,user532@company.io,Eric,Scott,8260 Elm Blvd,,,KY,42522,social,555-392-4658,F,1941-12-27,2025-06-03,0,,eid532,W,O,testmail.org,home,trends,46.482352,-105.906582,2026-06-26,US,651,"46,46",0,vendor_a,eric,scott,42522
533,user533@testmail.org,Xyz,q,9774 Pine Rd,Madison,Marion,SC,29243,social,555-274-9042,F,1970-12-18,2025-06-04,1,,eid533,W,R,example.com,auto,reviews,42.844680,-103.874947,2026-01-11,US,763,"33,14",1,vendor_a,xyz,q,29243
534,user534@example.com,Robert,Brown,2701 Sunset Ave,Clinton,Jefferson,84,82564,organic,555-312-3223,F,1945-04-21,2025-04-03,1,,eid534,B,R,testmail.org,travel,deals,31.095096,-78.429363,2026-06-24,US,2361,"40,48",0,vendor_b,robert,brown,82564
535,user535@webmail.net,Andrew,Lee,3196 Main St,,Jefferson,MO,65919,social,555-120-1513,F,1998-08-01,2025-08-21,0,,eid535,U,O,webmail.net,health,guides,27.125384,-80.760056,2026-03-22,US,3165,"39,34",0,vendor_a,andrew,lee,65919
536,,Linda,Thomas,3928 Cedar Ln,Arlington,Monroe,KS,72164,partner,555-158-9700,M,1998-02-17,2025-08-10,0,,eid536,H,O,inbox.co,finance,tips,38.185281,-108.577678,2026-04-27,US,4816,"24,36",1,internal,linda,thomas,72164
537,not-an-email,Daniel,Hall,1729 Main St,Franklin,,AZ,85333,paid-search,555-656-6850,F,1951-06-13,2025-03-05,0,,eid537,B,R,inbox.co,tech,tips,38.680601,-122.254037,2026-03-20,US,3041,"4,12",0,vendor_a,daniel,hall,85333
538,user538@example.com,Emily,Wilson,2203 Sunset Ave,Greenville,Montgomery,UT,84615,organic,555-753-3446,F,1989-11-19,2025-01-11,0,,eid538,A,O,company.io,finance,tips,26.642256,-83.403329,2026-01-23,US,4594,"14,49",0,vendor_a,emily,wilson,84615
539,user539@testmail.org,Andrew,Walker,2746 Cedar Ln,Riverside,Jackson,AL,35840,paid-search,555-247-6565,F,1985-01-16,2025-04-26,0,,eid539,B,O,example.com,travel,deals,25.757044,-120.458426,2026-05-15,US,740,"11,16",1,vendor_a,andrew,walker,35840
540,user540@webmail.net,James,Jean-Pierre,1361 Maple Dr,Salem,Montgomery,GA,30567,affiliate,555-347-1797,F,1985-03-21,2025-02-23,0,,eid540,B,O,inbox.co,sports,tips,24.736958,-120.351729,2026-01-23,,4296,"8,14",0,partner_c,james,jean-pierre,30567
541,user541@inbox.co,Linda,Brown,2843 River Rd,Salem,Montgomery,NC,28242,paid-search,555-102-8648,F,1977-01-01,2025-02-19,1,,eid541,O,R,testmail.org,tech,news,28.234931,-94.322389,2026-02-25,US,1709,"31,25",1,internal,linda,brown,28242
542,user542@webmail.net,Paul,Thomas,6416 Elm Blvd,Franklin,Jackson,PA,17571,partner,555-224-9206,F,1978-02-07,2025-09-18,0,,eid542,U,O,inbox.co,auto,reviews,49.479745,-88.178905,2026-03-21,US,3913,"5,15",1,partner_c,paul,thomas,17571
543,,Robert,Green,7021 Lake Dr,Fairview,Monroe,CT,06351,paid-search,555-396-2599,F,1983-06-06,2025-04-03,1,,eid543,U,R,company.io,tech,news,24.463550,-115.260078,2026-05-27,US,4477,"7,1",0,vendor_b,robert,green,06351
544,user544@company.io,Linda,Smith,9815 Pine Rd,Greenville,,,70080,paid-search,555-849-6473,F,1975-03-09,2025-12-08,0,,eid544,A,O,example.com,auto,deals,32.517474,-82.181899,2026-08-28,US,2642,"25,16",1,internal,linda,smith,70080
545,user545@company.io,André,King,928 Cedar Ln,Greenville,,NH,03229,social,555-893-9230,M,1954-02-16,2025-05-05,1,,eid545,W,O,testmail.org,travel,tips,36.393682,-115.120738,2026-03-13,US,4285,"32,7",0,internal,andré,king,03229
546,user546@example.com,Patricia,Jackson,3006 Elm Blvd,Riverside,Montgomery,ME,04963,social,555-891-4144,F,1958-01-17,2025-07-07,1,,eid546,H,R,webmail.net,auto,trends,25.243481,-109.341458,2026-08-13,US,260,"47,13",0,vendor_a,patricia,jackson,04963
547,user547@webmail.net,Müller,Young,6504 Cedar Ln,Clinton,Franklin,ID,84541,paid-search,555-298-7369,M,1994-02-22,2025-02-06,1,,eid547,B,R,testmail.org,travel,deals,31.693637,-122.107698,2026-04-23,US,4277,"22,27",1,vendor_a,müller,young,84541
548,,Mary-Jane,Smith,8856 Lake Dr,Arlington,Jefferson,AL,36100,social,555-677-9797,M,1974-09-18,2025-11-16,1,,eid548,H,R,testmail.org,finance,reviews,39.299730,-104.619551,2026-04-16,US,705,"20,12",0,vendor_b,mary-jane,smith,36100
549,user549@example.com,Daniel,Clark,2886 Maple Dr,Georgetown,Marion,VT,05287,social,555-986-2902,M,1944-11-28,2025-08-05,0,,eid549,O,R,testmail.org,finance,deals,30.894516,-116.926285,2026-01-28,US,1445,"20,8",1,partner_c,daniel,clark,05287
550,a@b,Chloe,Wilson,1595 Sunset Ave,Greenville,Adams,19,51847,paid-search,555-956-2021,F,1955-01-22,2025-09-10,1,,eid550,U,R,company.io,auto,tips,24.287331,-67.279746,2026-07-25,,4696,"29,40",1,vendor_a,chloe,wilson,51847
551,user551@example.com,Laura,Adams,4574 Hill St,Bristol,Jackson,85,42591,social,555-987-7445,M,1977-07-06,2025-01-27,0,,eid551,A,R,webmail.net,travel,deals,45.495282,-80.386568,2026-06-24,US,968,"18,42",0,internal,laura,adams,42591
552,user552@webmail.net,Mary,Adams,4581 Sunset Ave,Fairview,Clay,CA,96301,partner,555-444-3380,M,1990-08-20,2025-08-17,1,,eid552,U,R,inbox.co,auto,tips,27.721073,-76.162242,2026-06-21,US,1716,"42,5",0,internal,mary,adams,96301
553,,Patricia,Hall,7468 Maple Dr,Salem,Franklin,DE,62258,partner,555-245-1636,M,1993-09-10,2025-06-28,0,,eid553,W,R,inbox.co,sports,news,36.058662,-121.204884,2026-01-27,US,4942,"49,6",1,vendor_b,patricia,hall,62258
554,a@b,David,Lewis,8422 River Rd,Greenville,Jackson,NH,03803,partner,555-957-9919,M,1997-03-11,2025-02-23,0,,eid554,A,O,testmail.org,sports,tips,49.622933,-93.754304,2026-06-11,,3611,"14,44",1,partner_c,david,lewis,03803
555,user555@example.com,Jason,King,4979 Oak Ave,Bristol,Washington,OR,97892,organic,555-587-7928,M,1966-05-07,2025-08-25,1,,eid555,W,R,testmail.org,home,tips,43.446743,-66.593586,2026-01-20,US,2590,"37,34",1,vendor_a,jason,king,97892
556,user556@webmail.net,Eric,Z,2852 Hill St,Georgetown,Washington,NE,68826,organic,555-815-1653,F,1970-03-02,2025-06-20,1,,eid556,B,R,company.io,tech,deals,47.369072,-108.799960,2026-04-13,US,1370,"9,15",1,vendor_b,eric,z,68826
557,user557@inbox.co,Mary,Young,80 Cedar Ln,Franklin,Adams,MO,64717,paid-search,555-464-2130,M,1956-03-03,2025-09-24,1,,eid557,A,O,example.com,sports,news,38.508945,-86.629424,2026-04-18,US,3882,"28,17",1,internal,mary,young,64717
558,user558@inbox.co,xx,Moore,6061 Hill St,Franklin,Adams,NV,89522,partner,555-945-8204,F,1942-12-22,2025-03-16,1,,eid558,B,R,company.io,auto,trends,31.983563,-89.151775,2026-01-10,US,2367,"26,29",0,partner_c,xx,moore,89522
559,user559@webmail.net,Anna,Walker,893 Oak Ave,Salem,Washington,KY,42110,social,555-898-8077,F,1994-04-09,2025-02-28,0,,eid559,O,R,inbox.co,finance,tips,46.004538,-115.423113,2026-07-12,US,4341,"40,33",0,partner_c,anna,walker,42110
560,user560@example.com,x,Green,1181 Maple Dr,Bristol,Monroe,NY,18539,organic,555-287-6930,M,1953-10-17,2025-03-18,0,,eid560,U,R,webmail.net,auto,news,26.472060,-92.780360,2026-05-14,US,1686,"3,18",0,vendor_b,x,green,18539
561,user561@testmail.org,Sophia,Sjöberg,8506 Cedar Ln,Arlington,Adams,WY,11230,social,555-858-9999,F,1954-05-12,2025-12-20,1,,eid561,A,R,company.io,auto,guides,42.514650,-118.162977,2026-04-14,US,3003,"18,48",0,partner_c,sophia,sjöberg,11230
562,user562@example.com,Olivia,Scott,4842 Pine Rd,Fairview,Lincoln,ME,03632,organic,555-757-5891,M,1968-01-15,2025-11-04,0,,eid562,B,R,example.com,tech,tips,30.576784,-107.823517,2026-06-25,US,853,"47,6",0,vendor_b,olivia,scott,03632
563,user563@inbox.co,Hannah,bbbb,8696 Maple Dr,Greenville,Monroe,AL,35660,paid-search,555-826-9719,F,1990-09-07,2025-07-05,0,,eid563,A,R,testmail.org,travel,reviews,29.256536,-75.998166,2026-04-13,US,4658,"36,4",0,internal,hannah,bbbb,35660
564,,Jason,Walker,9226 Sunset Ave,Fairview,,WV,26434,partner,555-863-5721,F,1966-04-19,2025-11-21,0,,eid564,B,O,inbox.co,tech,reviews,27.140526,-91.306869,2026-04-20,US,3532,"38,4",1,internal,jason,walker,26434
565,user565@testmail.org,Linda,Brown,7533 River Rd,Greenville,Jackson,NC,28328,partner,555-149-4232,M,1958-12-24,2025-09-01,0,,eid565,B,O,example.com,sports,trends,36.269982,-123.034600,2026-03-28,US,4674,"46,47",0,vendor_a,linda,brown,28328
566,user566@company.io,Daniel,Anderson,8428 Pine Rd,Franklin,Montgomery,20,80936,affiliate,555-868-6573,M,1950-11-17,2025-11-26,1,,eid566,O,R,webmail.net,health,guides,42.584589,-101.705291,2026-05-26,US,3450,"26,11",0,vendor_b,daniel,anderson,80936
567,user567@company.io,Olivia,Brown,7059 Hill St,Madison,Jackson,DE,19274,paid-search,555-848-3151,M,1966-01-04,2025-03-10,1,,eid567,H,R,webmail.net,travel,news,43.709515,-70.572701,2026-08-22,US,2064,"15,3",1,partner_c,olivia,brown,19274
568,not-an-email,Linda,Johnson,4426 Oak Ave,Springfield,Jefferson,OK,73417,partner,555-185-5183,F,1963-02-04,2025-10-21,1,,eid568,A,R,testmail.org,tech,tips,30.162310,-99.783588,2026-01-25,US,298,"16,46",0,internal,linda,johnson,73417
569,user569@testmail.org,Robert,Taylor,8308 Hill St,,Clay,AZ,85720,affiliate,555-350-9469,F,1992-10-13,2025-04-25,1,,eid569,H,O,inbox.co,sports,deals,35.536263,-99.478952,2026-05-15,US,4432,"2,27",1,vendor_b,robert,taylor,85720
570,user570@testmail.org,Sophia,Brown,3259 Oak Ave,Springfield,Montgomery,RI,02514,social,555-666-2453,F,1981-01-10,2025-03-10,1,,eid570,B,O,company.io,travel,news,30.796757,-105.054846,2026-05-22,US,3616,"4,16",0,vendor_b,sophia,brown,02514
571,..@..,Grace,Thomas,2195 Sunset Ave,Riverside,,XX,71580,partner,555-778-8279,M,1980-02-02,2025-04-14,0,,eid571,H,O,example.com,finance,deals,47.481144,-70.794996,2026-03-20,US,366,"33,8",1,internal,grace,thomas,71580
572,user572@inbox.co,David,King,1752 Elm Blvd,Georgetown,Washington,AR,71140,organic,555-883-7709,M,1977-08-01,2025-11-27,1,,eid572,A,R,example.com,finance,guides,44.852209,-123.949904,2026-02-25,US,429,"24,14",1,vendor_b,david,king,71140
573,user573@example.com,Müller,Brown,8556 Sunset Ave,Arlington,Monroe,ND,58546,paid-search,555-523-5823,F,1998-08-23,2025-02-27,1,,eid573,A,R,inbox.co,home,tips,33.758682,-96.778792,2026-07-20,US,2547,"43,16",0,internal,müller,brown,58546
574,user574@company.io,A,Thomas,773 Main St,Madison,Marion,MN,56888,social,555-247-9471,F,1969-02-07,2025-08-13,0,,eid574,A,O,inbox.co,auto,reviews,45.172904,-108.163388,2026-04-14,US,2664,"26,39",1,partner_c,a,thomas,56888
575,,qqqq,King,859 Sunset Ave,Salem,Jefferson,MI,48211,organic,555-312-9365,F,1974-06-22,2025-03-06,0,,eid575,O,R,testmail.org,sports,guides,31.340273,-110.927320,2026-01-20,US,979,"26,39",0,vendor_b,qqqq,king,48211
576,user576@testmail.org,Hannah,Walker,7251 River Rd,Riverside,Lincoln,MD,21598,partner,555-828-8003,F,1975-01-01,2025-10-26,1,,eid576,W,R,company.io,health,deals,32.847732,-119.743764,2026-04-21,,1702,"16,38",0,internal,hannah,walker,21598
577,user577@example.com,D'Angelo,Moore,6015 Cedar Ln,Bristol,Jackson,NM,88405,affiliate,555-532-8099,F,1988-02-26,2025-04-22,0,,eid577,W,R,inbox.co,home,tips,44.956448,-88.110454,2026-01-19,US,1395,"29,10",0,vendor_a,d'angelo,moore,88405
578,user578@webmail.net,Grace,Asdf,6196 Cedar Ln,Bristol,Adams,WV,24354,partner,555-707-7732,F,1964-04-25,2025-10-23,1,,eid578,H,O,inbox.co,health,deals,43.398653,-101.271433,2026-03-18,US,3434,"22,32",1,vendor_a,grace,asdf,24354
579,user579@testmail.org,Eric,Green,2003 River Rd,Georgetown,,85,96195,organic,555-468-2869,M,1971-03-11,2025-10-08,1,,eid579,U,R,example.com,auto,reviews,25.818077,-102.278195,2026-04-26,US,4679,"6,35",1,internal,eric,green,96195
580,user580@webmail.net,Anna,Z,6430 Hill St,Riverside,Adams,MT,59802,paid-search,555-347-7081,M,1982-11-16,2025-01-02,1,,eid580,W,R,testmail.org,health,tips,43.169677,-74.109632,2026-01-24,US,503,"11,21",1,vendor_b,anna,z,59802
581,  user581@testmail.org  ,qqqq,Clark,470 Maple Dr,Franklin,Adams,PA,18693,social,555-286-9526,F,1986-02-20,2025-08-28,0,,eid581,H,R,webmail.net,finance,reviews,46.059832,-121.224465,2026-07-18,US,4013,"29,41",0,vendor_a,qqqq,clark,18693
582,user582@example.com,Andrew,Hall,679 Pine Rd,Salem,,MT,59109,paid-search,555-645-7349,F,1942-04-27,2025-03-25,1,,eid582,B,O,inbox.co,travel,reviews,32.552165,-93.264697,2026-08-18,US,3351,"13,34",0,vendor_b,andrew,hall,59109
583,user583@inbox.co,James,Brown,6896 Main St,Salem,Adams,NY,10761,organic,555-332-3333,F,1941-09-22,2025-08-13,1,,eid583,W,R,webmail.net,finance,guides,43.112847,-88.889641,2026-02-14,US,1559,"8,2",0,partner_c,james,brown,10761
584,user584@company.io,Sophia,Wilson,4107 Oak Ave,Georgetown,Montgomery,LA,70369,affiliate,555-363-3288,F,1995-07-28,2025-09-02,1,,eid584,A,O,company.io,auto,guides,26.506907,-109.822253,2026-06-21,US,4523,"45,2",0,vendor_a,sophia,wilson,70369
585,user585@testmail.org,Mark,Thomas,9214 Sunset Ave,Bristol,Clay,OK,73347,organic,555-157-8957,M,1943-12-17,2025-09-26,0,,eid585,A,R,webmail.net,auto,guides,35.441997,-121.060141,2026-02-23,US,3768,"19,4",0,partner_c,mark,thomas,73347
586,user586@testmail.org,Paul,Johnson,2581 Elm Blvd,Clinton,Clay,ZZ,81881,social,555-889-3665,M,1981-05-07,2025-02-02,0,,eid586,U,O,example.com,tech,reviews,43.587723,-100.307231,2026-02-18,US,4650,"34,27",0,vendor_b,paul,johnson,81881
587,user587@webmail.net,David,Walker,1056 Lake Dr,Riverside,,IA,99956,partner,555-902-1909,F,1959-02-05,2025-03-27,0,,eid587,O,R,testmail.org,health,trends,46.574307,-101.495567,2026-01-18,US,1128,"43,41",1,partner_c,david,walker,99956
588,  user588@webmail.net  ,Eric,Adams,4573 Cedar Ln,Springfield,Montgomery,WI,53873,organic,555-216-3260,F,1972-12-01,2025-09-14,0,,eid588,W,O,webmail.net,sports,trends,37.339149,-78.571165,2026-01-18,US,1692,"39,43",0,partner_c,eric,adams,53873
589,NULL,David,Miller,8284 Elm Blvd,Arlington,Franklin,ZZ,69092,organic,555-363-7980,M,1960-01-16,2025-06-14,1,,eid589,A,O,inbox.co,home,news,37.689390,-116.261057,2026-06-25,US,516,"33,26",1,vendor_a,david,miller,69092
590,user590@company.io,David,Miller,7170 Pine Rd,Riverside,Monroe,az,86245,paid-search,555-287-3453,F,1992-05-07,2025-12-19,0,,eid590,U,O,inbox.co,home,deals,49.186753,-70.626792,2026-07-15,US,4846,"43,49",0,internal,david,miller,86245
591,  user591@webmail.net  ,Patricia,Thomas,3587 Elm Blvd,Riverside,Lincoln,ND,58434,paid-search,555-721-7697,M,1960-05-12,2025-06-08,0,,eid591,O,O,company.io,tech,deals,31.336890,-104.107250,2026-01-14,US,368,"12,49",1,internal,patricia,thomas,58434
592,user592@example.com,Kevin,Johnson,6000 Lake Dr,Clinton,Franklin,NV,89112,social,555-752-5468,F,1942-05-07,2025-04-04,0,,eid592,A,R,example.com,auto,deals,38.502217,-77.653185,2026-01-15,,1760,"41,36",0,vendor_a,kevin,johnson,89112
593,,Olivia,Asdf,2817 River Rd,Springfield,Marion,MN,56488,social,555-758-4631,F,1956-08-03,2025-01-05,0,,eid593,H,R,company.io,sports,reviews,33.873577,-122.099922,2026-01-15,US,814,"21,48",0,internal,olivia,asdf,56488
594,user594@inbox.co,Anna,Lee,3621 Elm Blvd,Arlington,Washington,ia,25538,organic,555-683-8083,M,1987-04-19,2025-04-17,1,,eid594,A,R,webmail.net,tech,news,35.275175,-102.747063,2026-03-10,US,86,"39,3",1,partner_c,anna,lee,25538
595,user595@testmail.org,Kevin,Johnson,2419 Hill St,Madison,Adams,SC,000CA,affiliate,555-761-9878,F,1995-09-01,2025-06-26,0,,eid595,H,R,webmail.net,auto,guides,28.101488,-106.655459,2026-03-23,US,1967,"6,6",0,vendor_b,kevin,johnson,000CA
596,user596@inbox.co,Paul,Lee,5701 Sunset Ave,Franklin,Jefferson,AZ,85478,paid-search,555-715-5122,M,1957-08-13,2025-03-11,0,,eid596,W,R,testmail.org,home,guides,37.981336,-106.877561,2026-01-26,US,4669,"47,11",0,internal,paul,lee,85478
597,user597@company.io,Müller,zzzz,6648 Oak Ave,Arlington,Washington,AR,02270,social,555-379-9955,M,1948-12-10,2025-10-03,1,,eid597,W,O,webmail.net,finance,deals,33.868098,-115.319495,2026-08-10,US,4061,"29,40",0,vendor_a,müller,zzzz,02270
598,user598@company.io,Hannah,Young,,Greenville,Adams,OH,44768,affiliate,555-760-6551,M,1999-06-06,2025-08-25,1,,eid598,B,R,example.com,home,news,34.073420,-103.080994,2026-05-19,US,4209,"24,1",0,vendor_b,hannah,young,44768
599,user599@inbox.co,Fakeuser,Test,2266 Main St,Springfield,Jefferson,CT,06114,paid-search,555-809-7555,M,1943-10-17,2025-09-02,1,,eid599,O,R,webmail.net,finance,news,31.800191,-72.160530,2026-07-19,,2388,"49,17",1,partner_c,fakeuser,test,06114
600,,Kevin,Walker,7971 Sunset Ave,Georgetown,Lincoln,OR,97655,organic,555-465-3355,F,1985-07-17,2025-08-23,0,,eid600,A,O,example.com,finance,trends,46.455519,-69.690250,2026-01-16,US,2515,"47,33",1,vendor_b,kevin,walker,97655
601,user601@inbox.co,James,Smith,2990 Cedar Ln,Salem,Montgomery,FL,32440,organic,555-198-6871,M,1951-10-11,2025-09-16,1,,eid601,O,O,testmail.org,finance,reviews,46.030403,-109.021758,2026-02-25,US,3660,"36,11",1,vendor_a,james,smith,32440
602,user602@company.io,qqqq,Wright,2552 River Rd,Riverside,Jackson,NJ,07577,social,555-977-6776,F,1996-05-27,2025-10-11,1,,eid602,W,O,company.io,finance,trends,41.111518,-113.236499,2026-06-20,US,1683,"5,2",1,partner_c,qqqq,wright,07577
603,user603@company.io,Chloe,Johnson,8520 Sunset Ave,Bristol,Washington,VT,05161,paid-search,555-423-4182,F,1957-01-08,2025-11-16,1,,eid603,B,O,testmail.org,home,trends,31.803596,-121.972913,2026-04-16,US,4178,"48,45",1,partner_c,chloe,johnson,05161
604,user604@webmail.net,Patricia,aaaa,4945 Sunset Ave,Fairview,Franklin,VA,23382,partner,555-107-3272,M,1988-11-16,2025-12-03,1,,eid604,O,O,company.io,travel,guides,48.098804,-75.959375,2026-05-18,US,1066,"24,32",1,partner_c,patricia,aaaa,23382
605,  user605@inbox.co  ,zzzz,Garcia,,,Montgomery,AR,72349,social,555-654-1351,M,1968-06-04,2025-09-08,1,,eid605,A,O,example.com,tech,news,47.760051,-88.084469,2026-03-26,US,183,"45,49",0,internal,zzzz,garcia,72349
606,user606@inbox.co,Laura,Garcia,4381 Maple Dr,Salem,Montgomery,GA,31647,partner,555-791-4600,M,1956-11-07,2025-04-04,1,,eid606,B,R,example.com,home,deals,35.839980,-108.528216,2026-04-27,US,4815,"11,29",1,vendor_a,laura,garcia,31647
607,user607@example.com,Mary-Jane,Thomas,9311 Sunset Ave,Arlington,Adams,NC,27333,affiliate,555-744-2356,M,1948-07-01,2025-03-05,1,,eid607,O,R,testmail.org,health,tips,49.029726,-82.432352,2026-06-10,US,3818,"27,31",1,vendor_a,mary-jane,thomas,27333
608,user608@example.com,Laura,Miller,2545 Hill St,Greenville,Jackson,64,57566,affiliate,555-982-2552,M,1978-06-05,2025-11-03,1,,eid608,A,R,example.com,health,news,28.113522,-83.592059,2026-01-12,US,3955,"41,17",0,internal,laura,miller,57566
609,user609@webmail.net,Mary-Jane,Jackson,4887 Hill St,Riverside,Clay,,91638,organic,555-459-3808,M,1963-05-08,2025-12-10,1,,eid609,O,O,webmail.net,home,guides,42.867167,-89.158212,2026-03-22,US,4116,"13,9",0,internal,mary-jane,jackson,91638
610,user610@example.com,Mary,Lee,233 Oak Ave,,Lincoln,,76131,social,555-899-8533,F,1976-09-11,2025-06-02,1,,eid610,W,O,testmail.org,auto,news,29.200620,-94.286861,2026-01-23,US,884,"2,18",0,vendor_a,mary,lee,76131
611,user611@company.io, ,Green,5317 Sunset Ave,Georgetown,Jefferson,MS,38677,partner,555-478-6022,M,1972-05-18,2025-08-05,0,,eid611,A,O,company.io,travel,guides,48.524941,-116.778570,2026-04-20,US,2010,"35,31",1,partner_c, ,green,38677
612,user612@example.com,Grace,Martin,7532 Cedar Ln,Salem,Jefferson,,54342,paid-search,555-883-3208,M,1966-04-25,2025-10-22,0,,eid612,H,R,testmail.org,home,guides,29.661884,-101.461326,2026-06-28,US,3257,"49,26",1,partner_c,grace,martin,54342
613,NULL,Kevin,qqqq,3477 Hill St,Springfield,Lincoln,IN,47113,social,555-653-2556,F,1959-05-01,2025-09-18,0,,eid613,W,R,company.io,finance,tips,30.450406,-69.602733,2026-08-11,US,3178,"46,6",1,vendor_b,kevin,qqqq,47113
614,user614@example.com,Mark,Garcia,4160 Lake Dr,Georgetown,Jackson,ND,58238,paid-search,555-207-2110,M,1953-04-22,2025-03-03,1,,eid614,U,O,testmail.org,tech,trends,40.868754,-118.556411,2026-04-13,US,46,"10,47",0,vendor_b,mark,garcia,58238
615,user615@webmail.net,O'Brien,Adams,5296 River Rd,Bristol,Washington,IL,62452,affiliate,555-934-6714,M,1990-04-23,2025-08-18,0,,eid615,H,O,testmail.org,finance,trends,44.085570,-97.826783,2026-01-22,US,812,"47,27",0,internal,o'brien,adams,62452
616,user616@testmail.org,Olivia,Jackson,3735 Elm Blvd,Fairview,Marion,ID,83443,organic,555-658-7466,M,1968-12-04,2025-07-07,1,,eid616,B,R,example.com,health,news,40.413982,-91.913911,2026-07-28,US,4766,"3,36",0,partner_c,olivia,jackson,83443
617,user617@inbox.co,Mary,Young,403 River Rd,Madison,Jefferson,WY,83936,partner,555-825-5247,M,1975-08-02,2025-07-25,1,,eid617,A,O,inbox.co,travel,guides,31.016832,-81.279360,2026-02-18,US,4598,"42,22",1,vendor_a,mary,young,83936
618,@missinglocal,Sarah,Young,4036 Pine Rd,Madison,Adams,TN,37190,organic,555-367-5242,M,1965-10-22,2025-01-24,1,,eid618,U,R,company.io,home,trends,33.791799,-100.499169,2026-06-27,US,2549,"2,11",0,partner_c,sarah,young,37190
619,  user619@company.io  ,Patricia,Wilson,,Georgetown,Lincoln,MA,123456,social,555-600-2428,M,1990-11-03,2025-02-03,0,,eid619,U,R,webmail.net,tech,trends,31.989302,-81.056421,2026-05-20,US,3092,"30,21",1,partner_c,patricia,wilson,123456
620,user620@company.io,Eric,Anne-Marie,9395 Oak Ave,Springfield,,GU,67001,partner,555-824-6587,F,1984-01-18,2025-02-15,0,,eid620,U,R,webmail.net,home,news,40.889575,-96.486828,2026-04-16,US,4699,"40,4",0,vendor_b,eric,anne-marie,67001
621,user621@inbox.co,Olivia,Clark,3501 Hill St,Riverside,Jefferson,NE,68801,social,555-106-9644,M,1993-12-17,2025-01-17,0,,eid621,A,R,testmail.org,tech,news,43.318476,-77.218095,2026-03-11,US,4614,"28,35",0,partner_c,olivia,clark,68801
622,user622@testmail.org,Kevin,King,6124 Maple Dr,Franklin,Clay,MI,49681,organic,555-664-4478,F,1973-07-25,2025-03-28,1,,eid622,O,O,company.io,home,deals,49.092761,-71.280909,2026-05-12,US,599,"49,4",1,vendor_b,kevin,king,49681
623,user623@webmail.net,Michael,Moore,237 Pine Rd,Riverside,Washington,DC,015 8,organic,555-107-7098,M,1949-02-17,2025-10-21,0,,eid623,U,O,inbox.co,finance,guides,33.405993,-114.496631,2026-06-23,US,2254,"2,33",1,vendor_a,michael,moore,015 8
624,user624@inbox.co,Andrew,Hall,8744 Cedar Ln,Clinton,Adams,NV,89499,paid-search,555-615-2509,M,1986-02-21,2025-04-03,1,,eid624,O,O,testmail.org,auto,news,28.611598,-119.374048,2026-05-17,US,749,"31,38",0,partner_c,andrew,hall,89499
625,user625@webmail.net,Daniel,Green,8051 Elm Blvd,Springfield,Clay,RI,02244,organic,555-996-9422,M,1950-02-26,2025-02-02,0,,eid625,B,R,example.com,auto,guides,34.004486,-79.850113,2026-02-12,US,1716,"45,22",0,partner_c,daniel,green,02244
626,user626@inbox.co,Hannah,Miller,7592 Pine Rd,,Jefferson,OR,97739,organic,555-485-5547,F,1972-05-03,2025-04-09,0,,eid626,O,R,webmail.net,finance,reviews,40.654980,-112.007653,2026-01-16,US,1436,"27,24",0,internal,hannah,miller,97739
627,user627@testmail.org,Andrew,Mary-Jane,3459 Sunset Ave,Springfield,Marion,MA,02110,partner,555-524-5496,M,1988-12-03,2025-05-27,1,,eid627,H,R,webmail.net,sports,trends,35.464318,-115.876437,2026-06-17,US,2138,"5,45",1,internal,andrew,mary-jane,02110
628,user628@inbox.co,Olivia,Johnson,,Bristol,Clay,MN,56941,affiliate,555-707-3096,M,1966-11-05,2025-09-17,1,,eid628,O,O,webmail.net,sports,reviews,30.686374,-102.362385,2026-02-18,US,4889,"18,43",1,internal,olivia,johnson,56941
629,user629@example.com,David,Martin,4488 Elm Blvd,Salem,Franklin,FL,34501,organic,555-607-5690,F,1978-12-01,2025-08-15,1,,eid629,A,O,company.io,travel,deals,47.595098,-69.383535,2026-01-23,,1009,"23,4",0,vendor_a,david,martin,34501
630,user630@company.io,Emily,Brown,8599 Cedar Ln,Fairview,Monroe,IN,000CA,paid-search,555-588-9493,M,1942-10-08,2025-06-27,1,,eid630,W,O,example.com,tech,news,48.129153,-80.945470,2026-03-10,US,1421,"5,44",1,vendor_b,emily,brown,000CA
631,user631@webmail.net,Olivia,Moore,7619 Main St,Springfield,,MS,38765,social,555-699-6774,F,1997-05-25,2025-07-09,1,,eid631,W,R,inbox.co,home,deals,25.625504,-68.322758,2026-08-16,US,3294,"9,48",0,partner_c,olivia,moore,38765
632,user632@example.com,David,Anderson,3548 River Rd,Georgetown,Adams,DE,19240,paid-search,555-507-3487,M,1958-11-10,2025-06-25,1,,eid632,O,R,example.com,finance,tips,29.525519,-94.959105,2026-02-15,US,1719,"49,31",0,internal,david,anderson,19240
633,user@@double.com,Michael,Taylor,3557 Main St,Madison,Franklin,LA,70970,paid-search,555-729-7810,F,1944-09-08,2025-03-13,1,,eid633,W,O,testmail.org,tech,news,42.417648,-91.580327,2026-01-10,US,2545,"10,44",1,partner_c,michael,taylor,70970
634,user634@webmail.net,Andrew,Taylor,348 Hill St,Franklin,Washington,SD,57544,organic,555-933-4094,M,1940-11-08,2025-03-08,1,,eid634,B,O,example.com,home,guides,46.787488,-107.036910,2026-06-10,US,2368,"5,47",0,vendor_b,andrew,taylor,57544
635,user635@testmail.org,Fakeuser,Smith,8180 Elm Blvd,Arlington,Jefferson,PA,18526,partner,555-559-5639,M,1946-12-03,2025-06-03,0,,eid635,A,O,company.io,home,deals,31.718311,-86.768399,2026-02-12,US,1975,"3,19",1,vendor_a,fakeuser,smith,18526
636,user636@inbox.co,Eric,Johnson,9495 River Rd,Georgetown,Clay,AZ,123456,paid-search,555-616-2763,F,1988-09-19,2025-07-15,0,,eid636,B,O,inbox.co,finance,reviews,33.014784,-93.601082,2026-08-13,US,743,"5,36",0,vendor_b,eric,johnson,123456
637,user637@inbox.co,Laura,Lee,5949 Maple Dr,Greenville,Montgomery,NM,88593,affiliate,555-390-7538,F,1954-11-12,2025-07-18,0,,eid637,H,R,webmail.net,health,guides,41.980498,-75.696407,2026-05-18,,4277,"44,23",0,internal,laura,lee,88593
638,  user638@inbox.co  ,Sophia,Green,1500 Oak Ave,Madison,Montgomery,AK,99676,affiliate,555-359-3361,M,1969-08-19,2025-08-04,1,,eid638,W,O,webmail.net,auto,guides,31.561344,-78.486766,2026-07-26,US,2164,"18,10",0,vendor_b,sophia,green,99676
639,,Patricia,Adams,825 River Rd,Arlington,Jackson,IN,46485,partner,555-935-9452,M,1954-04-27,2025-09-07,1,,eid639,W,O,webmail.net,sports,guides,32.558047,-116.976005,2026-07-25,US,9,"47,34",0,vendor_a,patricia,adams,46485
640,user@@double.com,Hannah,Scott,7598 Maple Dr,Fairview,Clay,GA,30788,paid-search,555-852-4023,M,1991-05-12,2025-07-24,0,,eid640,A,O,inbox.co,tech,trends,48.597783,-74.490982,2026-05-17,US,1704,"2,22",1,partner_c,hannah,scott,30788
641,,Sample,Lee,8958 Pine Rd,Clinton,Clay,AL,36635,partner,555-654-1207,M,1974-07-15,2025-11-03,0,,eid641,W,R,testmail.org,auto,reviews,29.151826,-119.304589,2026-03-25,US,2811,"12,9",0,partner_c,sample,lee,36635
642,user642@company.io,Sophia,Martin,9837 Main St,Georgetown,,XX,32646,affiliate,555-532-5791,M,1941-09-21,2025-08-14,1,,eid642,O,O,testmail.org,auto,reviews,30.709384,-69.189102,2026-08-22,US,2600,"17,19",1,vendor_a,sophia,martin,32646
643,NULL,Grace,Thomas,,Georgetown,Montgomery,LA,71292,paid-search,555-467-2606,F,1979-11-12,2025-09-19,1,,eid643,H,O,webmail.net,health,news,29.369445,-74.655482,2026-01-21,US,2703,"44,41",0,partner_c,grace,thomas,71292
644,user644@webmail.net,Chloe,Smith,403 Lake Dr,Bristol,Adams,SD,74852,social,555-820-6827,M,1941-09-19,2025-10-20,1,,eid644,U,O,company.io,finance,tips,48.785198,-68.498946,2026-07-19,US,2485,"46,16",1,vendor_a,chloe,smith,74852
645,,Emily,Jackson,2447 Hill St,Arlington,Lincoln,LA,71463,social,555-106-9858,M,1992-11-28,2025-05-01,1,,eid645,O,R,inbox.co,finance,trends,24.092946,-120.715253,2026-08-14,US,328,"24,39",1,vendor_a,emily,jackson,71463
646,user646@webmail.net,Robert,D'Angelo,5134 Hill St,Arlington,Washington,ND,58566,social,555-527-3386,M,1973-09-19,2025-12-01,0,,eid646,A,O,company.io,tech,reviews,32.652037,-67.725347,2026-04-14,US,4242,"15,45",1,vendor_a,robert,d'angelo,58566
647,@missinglocal,André,Scott,5944 Cedar Ln,,Montgomery,MT,59466,paid-search,555-621-7056,M,1960-06-15,2025-02-25,1,,eid647,O,O,testmail.org,sports,guides,46.937422,-95.589203,2026-02-19,US,2248,"48,27",0,internal,andré,scott,59466
648,user name@x.com,Hannah,Johnson,1726 Elm Blvd,Bristol,,il,60362,social,555-503-7638,M,1945-10-20,2025-10-15,1,,eid648,A,O,inbox.co,auto,deals,41.500264,-112.228713,2026-03-18,US,1799,"34,29",1,partner_c,hannah,johnson,60362
649,,Robert,Lee,2987 Maple Dr,,Washington,AL,22150,affiliate,555-795-1584,F,1958-08-03,2025-02-09,1,,eid649,W,O,example.com,travel,tips,44.152099,-66.464506,2026-05-12,US,1692,"40,15",0,internal,robert,lee,22150
650,  user650@testmail.org  ,Kevin,King,8428 Lake Dr,Georgetown,Jefferson,RI,02617,paid-search,555-452-4704,M,1974-11-16,2025-08-01,0,,eid650,A,O,company.io,travel,deals,42.343397,-118.406895,2026-03-14,US,3230,"18,12",0,vendor_b,kevin,king,02617
651,user651@company.io,Paul,Johnson,8303 Hill St,Arlington,Jackson,NC,27171,organic,555-985-6097,M,1947-06-13,2025-07-11,1,,eid651,U,R,webmail.net,auto,news,26.067450,-113.145172,2026-01-22,US,2747,"4,40",1,partner_c,paul,johnson,27171
652,user652@company.io,Linda,Green,5490 Maple Dr,Salem,Washington,,85824,partner,555-637-7226,M,1985-03-03,2025-10-06,1,,eid652,W,R,webmail.net,home,trends,41.817177,-76.118427,2026-01-27,,3569,"19,26",1,partner_c,linda,green,85824
653,user653@company.io,Kevin,Hall,3901 Main St,Georgetown,Monroe,ME,04215,paid-search,555-201-8173,F,1978-02-24,2025-08-08,0,,eid653,U,O,company.io,sports,tips,42.446189,-92.773946,2026-01-21,US,4998,"44,39",1,partner_c,kevin,hall,04215
654,user654@example.com,David,Young,,Madison,Marion,AL,35522,organic,555-601-9610,M,1940-10-19,2025-09-14,1,,eid654,O,O,testmail.org,auto,reviews,24.760147,-74.946614,2026-04-12,US,1020,"20,12",0,vendor_a,david,young,35522
655,NULL,Unknown,Scott,5906 Elm Blvd,Georgetown,Jackson,UT,84918,affiliate,555-762-3916,M,1993-05-03,2025-03-09,0,,eid655,W,O,company.io,tech,tips,31.082760,-123.008587,2026-03-14,US,2257,"7,3",1,vendor_a,unknown,scott,84918
656,  user656@testmail.org  ,Eric,Jean-Pierre,3032 Maple Dr,Madison,Jackson,MI,49791,partner,555-285-4462,F,1985-06-11,2025-05-13,0,,eid656,H,R,testmail.org,finance,reviews,28.089058,-110.445678,2026-07-17,US,3613,"22,44",0,internal,eric,jean-pierre,49791
657,  user657@inbox.co  ,Laura,Taylor,3017 River Rd,Springfield,Marion,LA,42455,partner,555-954-1970,F,1967-03-26,2025-05-24,0,,eid657,U,O,inbox.co,home,guides,34.389070,-74.770284,2026-02-19,US,1989,"16,10",0,internal,laura,taylor,42455
658,user658@company.io,Olivia,Lee,9490 Hill St,Bristol,Adams,ME,29247,affiliate,555-546-7640,M,1986-05-20,2025-05-13,0,,eid658,A,R,inbox.co,tech,deals,44.129496,-117.774037,2026-07-16,US,750,"23,2",0,partner_c,olivia,lee,29247
659,user659@webmail.net,Robert,,7514 Pine Rd,Greenville,Clay,NJ,08990,affiliate,555-182-9759,F,1974-01-23,2025-01-26,1,,eid659,A,R,company.io,tech,reviews,29.276488,-100.668796,2026-01-20,US,69,"37,39",0,vendor_a,robert,,08990
660,user660@testmail.org,Michael,Green,4456 Cedar Ln,Salem,Lincoln,CO,81615,paid-search,555-304-6482,M,1987-09-12,2025-08-19,1,,eid660,H,R,example.com,sports,tips,24.804692,-73.839013,2026-03-19,US,1119,"19,1",0,vendor_b,michael,green,81615
661,user661@webmail.net, ,Lee,5539 Oak Ave,Springfield,Montgomery,SD,57524,paid-search,555-408-4299,M,1955-11-13,2025-05-23,0,,eid661,A,O,testmail.org,auto,trends,32.851381,-93.832789,2026-06-17,US,3826,"18,14",1,partner_c, ,lee,57524
662,user662@example.com,Hannah,Green,8343 Maple Dr,Greenville,Monroe,WA,14968,social,555-314-1196,M,1999-03-26,2025-03-20,1,,eid662,B,O,webmail.net,auto,deals,29.942582,-81.227226,2026-01-27,US,2303,"6,22",1,vendor_a,hannah,green,14968
663,user663@company.io,James,Adams,7886 Maple Dr,Greenville,Marion,ND,58744,affiliate,555-701-3868,M,1966-03-24,2025-12-07,0,,eid663,O,R,testmail.org,sports,tips,42.484069,-80.316706,2026-08-13,US,3844,"6,8",0,vendor_a,james,adams,58744
664,user664@webmail.net,James,Lee,5176 Cedar Ln,Clinton,Lincoln,DE,19932,organic,555-921-8780,M,1944-09-04,2025-03-17,1,,eid664,H,O,example.com,travel,tips,30.335310,-111.994974,2026-06-15,US,2740,"19,16",0,partner_c,james,lee,19932
665,,Zoë,Lewis,4198 Main St,Riverside,Washington,MS,,organic,555-372-3297,F,1965-11-24,2025-11-04,0,,eid665,H,O,company.io,tech,reviews,46.743099,-120.002753,2026-07-19,US,1994,"37,45",0,internal,zoë,lewis,
666,user666@company.io,xx,André,3613 Main St,Arlington,Washington,MT,59743,affiliate,555-898-3954,F,1949-08-11,2025-04-16,1,,eid666,A,R,example.com,travel,guides,44.594750,-102.321286,2026-08-23,US,3348,"34,25",1,vendor_a,xx,andré,59743
667,user667@example.com,Unknown,Walker,,Riverside,Washington,ME,04660,organic,555-852-2021,F,1941-09-03,2025-03-05,1,,eid667,O,O,inbox.co,finance,tips,29.269101,-98.845098,2026-01-23,US,3347,"29,48",0,internal,unknown,walker,04660
668,user668@company.io,O'Brien,Johnson,,Georgetown,,MN,56434,organic,555-573-6512,F,1950-03-19,2025-10-25,1,,eid668,B,R,example.com,sports,reviews,39.052645,-109.124084,2026-03-17,US,1429,"8,34",0,vendor_a,o'brien,johnson,56434
669,user669@webmail.net,Brian,Johnson,8890 Lake Dr,Fairview,Jackson,MD,21967,organic,555-665-6326,F,1982-12-08,2025-04-13,1,,eid669,O,O,testmail.org,auto,deals,31.603618,-102.219845,2026-06-28,US,3386,"8,9",1,vendor_a,brian,johnson,21967
670,user@nodot,Andrew,Baker,1669 Oak Ave,Riverside,Franklin,NV,89579,paid-search,555-723-4568,F,1979-08-18,2025-09-27,1,,eid670,U,O,testmail.org,home,news,30.527248,-98.891385,2026-03-22,US,4237,"49,42",1,internal,andrew,baker,89579
671,  user671@inbox.co  ,David,Smith,9066 Maple Dr,Arlington,Lincoln,TN,99555,affiliate,555-382-6260,M,1995-06-26,2025-01-05,1,,eid671,H,O,example.com,auto,guides,43.096821,-95.641531,2026-08-26,US,3487,"25,45",1,vendor_b,david,smith,99555
672,  user672@webmail.net  ,Test,xx,2815 Elm Blvd,Clinton,Clay,UT,84155,paid-search,555-677-3096,F,1994-03-11,2025-10-27,0,,eid672,A,R,inbox.co,sports,news,31.845218,-119.545824,2026-08-26,US,577,"16,30",0,internal,test,xx,84155
673,user673@inbox.co,Andrew,Wilson,,Clinton,Monroe,MO,64407,paid-search,555-489-4953,F,1980-04-21,2025-11-11,0,,eid673,U,O,testmail.org,finance,news,40.057552,-110.119694,2026-02-20,US,527,"6,12",0,vendor_a,andrew,wilson,64407
674,no-at-sign.com,Jason,Johnson,6533 Hill St,Fairview,Jackson,AL,35583,affiliate,555-477-7387,M,1971-04-06,2025-09-02,1,,eid674,O,R,inbox.co,finance,news,34.474531,-85.887699,2026-08-17,US,2017,"32,1",1,vendor_b,jason,johnson,35583
675,,Laura,Young,7964 Hill St,Madison,Clay,MA,01433,organic,555-926-1063,F,1947-08-26,2025-06-19,0,,eid675,U,O,example.com,tech,reviews,34.739149,-88.205042,2026-05-11,US,1056,"23,36",0,partner_c,laura,young,01433
676,user@@double.com,Mark,Thomas,555 Maple Dr,Salem,Monroe,WI,53648,partner,555-804-4889,F,1970-02-20,2025-09-21,1,,eid676,H,O,company.io,travel,deals,41.758823,-105.796336,2026-03-28,US,4529,"32,48",0,partner_c,mark,thomas,53648
677,user677@webmail.net,Sample,Jackson,6857 Sunset Ave,Riverside,Jefferson,SD,34150,social,555-729-9058,M,1951-04-23,2025-10-04,0,,eid677,B,R,example.com,sports,trends,24.548378,-111.289266,2026-01-20,US,4147,"16,35",0,internal,sample,jackson,34150
678,user678@company.io,Anna,Johnson,4940 Pine Rd,,Marion,IL,62808,organic,555-382-3495,F,1952-05-26,2025-06-23,1,,eid678,A,O,testmail.org,sports,guides,40.643975,-107.187687,2026-07-10,US,1398,"48,46",0,internal,anna,johnson,62808
679,a@b,Linda,Clark,8687 Lake Dr,,Washington,KY,40527,social,555-177-2202,M,1969-10-24,2025-03-10,1,,eid679,W,O,webmail.net,home,guides,38.193158,-67.245169,2026-04-11,US,2837,"35,31",0,internal,linda,clark,40527
680,user680@company.io,Linda,aaaa,2205 Oak Ave,,Franklin,,,paid-search,555-381-4151,M,1957-11-28,2025-05-13,1,,eid680,H,O,company.io,travel,reviews,31.995317,-109.525074,2026-06-26,US,2821,"38,30",1,partner_c,linda,aaaa,
681,user681@example.com,Emily,Miller,3395 Pine Rd,Riverside,Montgomery,WV,25349,organic,555-797-2051,M,1955-03-28,2025-12-26,1,,eid681,H,R,testmail.org,tech,guides,28.654694,-103.523808,2026-03-11,US,1678,"21,4",1,vendor_a,emily,miller,25349
682,user682@testmail.org,Paul,Martin,5947 Sunset Ave,Fairview,,,12A45,organic,555-138-5339,M,1989-07-01,2025-10-15,0,,eid682,H,O,company.io,tech,reviews,45.199629,-66.211752,2026-01-28,US,4672,"14,45",0,vendor_a,paul,martin,12A45
683,user683@example.com,Null,,9486 Pine Rd,Riverside,Monroe,WI,54257,paid-search,555-330-5579,M,1964-05-08,2025-01-22,1,,eid683,H,R,testmail.org,sports,tips,47.411733,-87.487698,2026-07-18,US,2886,"34,1",0,vendor_a,null,,54257
684,user684@webmail.net,Hannah,Johnson,1621 Hill St,Springfield,Adams,IN,12A45,organic,555-480-4552,F,1965-10-26,2025-05-10,0,,eid684,A,O,inbox.co,home,guides,24.077965,-81.842237,2026-05-22,US,671,"23,1",0,vendor_b,hannah,johnson,12A45
685,  user685@webmail.net  ,Laura,Martin,1823 Oak Ave,Arlington,Jackson,SC,29615,social,555-605-9898,M,1967-04-01,2025-06-04,1,,eid685,W,O,webmail.net,home,deals,38.394343,-99.574595,2026-05-11,US,2853,"22,44",0,vendor_b,laura,martin,29615
686,user686@testmail.org,Chloe,Null,7631 Sunset Ave,Madison,Clay,tn,37933,organic,555-210-8433,M,1973-03-07,2025-08-28,1,,eid686,A,R,company.io,tech,reviews,40.729799,-71.005534,2026-02-13,US,4396,"10,11",1,internal,chloe,null,37933
687,user687@testmail.org,David,Asdf,7142 Main St,,Clay,NY,10106,partner,555-955-6686,F,1979-04-10,2025-03-05,0,,eid687,W,R,webmail.net,tech,trends,26.088319,-120.466106,2026-07-15,US,823,"5,18",0,vendor_b,david,asdf,10106
688,user688@company.io,Jason,Fakeuser,3498 Pine Rd,Bristol,Clay,IN,47561,organic,555-192-6910,M,1946-12-18,2025-08-05,0,,eid688,A,R,webmail.net,tech,tips,49.388654,-102.403302,2026-02-13,US,4435,"26,41",1,vendor_a,jason,fakeuser,47561
689,user689@inbox.co,François,Johnson,2700 Oak Ave,Greenville,Lincoln,DC,20317,affiliate,555-426-7271,M,1985-07-10,2025-04-24,1,,eid689,O,R,webmail.net,health,reviews,38.881788,-76.253384,2026-07-21,US,1194,"38,29",1,vendor_b,françois,johnson,20317
690,user690@testmail.org,Hannah,Brown,8338 Lake Dr,Greenville,Clay,CO,81683,partner,555-813-6478,M,1979-06-07,2025-11-17,1,,eid690,B,R,example.com,home,deals,48.858882,-67.400849,2026-08-22,US,2304,"46,47",1,internal,hannah,brown,81683
691,user691@inbox.co,Robert,Lee,6498 Elm Blvd,Arlington,,RI,03240,social,555-596-6667,M,1962-10-02,2025-07-05,0,,eid691,U,O,example.com,sports,guides,34.734322,-99.551004,2026-05-21,US,3159,"25,47",0,vendor_a,robert,lee,03240
692,user692@company.io,Kevin,Thomas,5315 Oak Ave,,Monroe,NY,14330,partner,555-903-7909,M,1987-09-11,2025-07-20,0,,eid692,H,R,inbox.co,finance,trends,30.171178,-91.502138,2026-07-22,US,153,"17,47",1,vendor_a,kevin,thomas,14330
693,user693@inbox.co,Laura,xx,3135 Lake Dr,Salem,Lincoln,MI,44512,affiliate,555-787-3959,F,1966-05-24,2025-11-19,0,,eid693,H,R,testmail.org,finance,reviews,48.197274,-97.987320,2026-03-22,US,4512,"5,38",1,internal,laura,xx,44512
694,user694@example.com,Jason,Walker,5339 Cedar Ln,Bristol,Monroe,NH,03925,paid-search,555-626-4957,M,1942-02-20,2025-01-26,1,,eid694,A,O,company.io,home,deals,28.238686,-124.847933,2026-01-25,US,1383,"17,18",0,vendor_b,jason,walker,03925
695,user695@webmail.net,Andrew,Scott,767 Oak Ave,Franklin,Monroe,wy,000CA,social,555-367-4918,M,1993-03-10,2025-06-25,1,,eid695,H,O,example.com,health,tips,30.104323,-84.880875,2026-01-15,US,516,"37,47",0,partner_c,andrew,scott,000CA
696,user696@example.com,Jason,King,5920 Hill St,Madison,Adams,KY,41567,social,555-713-1142,M,1988-06-06,2025-05-11,1,,eid696,W,R,testmail.org,tech,reviews,37.647680,-107.587031,2026-07-14,US,4557,"27,22",0,partner_c,jason,king,41567
697,user697@webmail.net,Brian,Martin,9768 Elm Blvd,Springfield,Lincoln,WV,55627,partner,555-901-4079,F,1988-12-15,2025-05-17,0,,eid697,W,R,inbox.co,home,deals,42.747440,-118.327367,2026-05-13,US,2084,"46,23",0,internal,brian,martin,55627
698,user698@inbox.co,Emily,Scott,116 Lake Dr,Georgetown,Adams,UT,84375,partner,555-514-1441,M,1981-01-25,2025-12-18,1,,eid698,H,R,testmail.org,finance,news,35.082106,-99.487169,2026-03-15,US,4472,"39,42",0,vendor_a,emily,scott,84375
699,user699@inbox.co,Eric,Garcia,3241 Main St,Georgetown,Adams,LA,70560,paid-search,555-487-7371,M,1971-05-14,2025-07-25,0,,eid699,A,O,company.io,sports,trends,32.861278,-70.376328,2026-07-17,US,4962,"17,11",1,vendor_a,eric,garcia,70560
700,user700@webmail.net,Michael,King,1706 River Rd,Clinton,Montgomery,KY,40723,paid-search,555-629-8375,F,1990-03-22,2025-08-15,0,,eid700,O,R,inbox.co,tech,trends,33.451744,-97.569421,2026-07-10,US,991,"23,32",1,partner_c,michael,king,40723
701,not-an-email,Müller,Taylor,6742 Main St,Arlington,Franklin,CO,80887,organic,555-900-2874,F,1948-01-23,2025-09-06,1,,eid701,O,R,company.io,sports,guides,43.428393,-114.281631,2026-03-12,US,4197,"29,47",1,vendor_a,müller,taylor,80887
702,user702@example.com,Sarah,Qwerty,9705 Main St,Fairview,Washington,MS,39885,social,555-194-5641,F,1947-07-22,2025-12-12,0,,eid702,W,O,example.com,travel,news,34.173838,-119.009722,2026-05-18,US,2017,"8,38",1,internal,sarah,qwerty,39885
703,user703@company.io,Robert,Adams,9717 Lake Dr,Clinton,Jefferson,FL,33511,social,555-179-6645,F,1956-10-18,2025-12-23,0,,eid703,B,O,company.io,home,deals,39.970072,-98.651677,2026-05-19,US,3494,"9,27",1,vendor_b,robert,adams,33511
704,user704@webmail.net,José,Young,8800 Maple Dr,Riverside,Jefferson,WV,25778,organic,555-588-3355,M,1993-04-02,2025-06-23,1,,eid704,O,R,testmail.org,sports,tips,28.826215,-76.887193,2026-01-22,US,138,"15,46",1,vendor_a,josé,young,25778
705,user705@company.io,Mark,Jackson,8832 Pine Rd,Greenville,Monroe,NC,28619,affiliate,555-264-5560,F,1963-07-22,2025-01-03,0,,eid705,A,R,inbox.co,auto,tips,44.601613,-72.537403,2026-06-15,US,1480,"41,26",1,vendor_b,mark,jackson,28619
706,user706@testmail.org,Sarah,Young,1162 Elm Blvd,Arlington,Lincoln,WI,54152,social,555-661-9168,F,1982-06-03,2025-01-01,1,,eid706,O,O,company.io,health,trends,34.758441,-70.417488,2026-05-26,US,2750,"31,38",0,vendor_b,sarah,young,54152
707,user707@company.io,Brian,Lewis,,Georgetown,Jackson,KY,41268,partner,555-638-2578,F,1985-12-05,2025-08-17,1,,eid707,U,R,webmail.net,auto,guides,48.052757,-107.780340,2026-06-10,US,1043,"38,4",1,partner_c,brian,lewis,41268
708,user708@webmail.net,Daniel,Moore,8951 Maple Dr,Georgetown,Marion,IA,50768,social,555-245-7867,F,1971-07-13,2025-05-14,1,,eid708,H,R,company.io,auto,guides,38.136507,-67.401456,2026-02-21,US,3591,"38,20",0,vendor_b,daniel,moore,50768
709,user709@inbox.co,Hannah,Moore,6580 Oak Ave,Arlington,Montgomery,PA,17384,social,555-536-9946,F,1941-09-03,2025-10-23,0,,eid709,O,R,testmail.org,auto,tips,44.976952,-70.549247,2026-08-15,US,756,"46,1",1,vendor_b,hannah,moore,17384
710,user710@webmail.net,Andrew,Miller,9428 Hill St,Springfield,Washington,,59883,affiliate,555-215-1016,M,1967-06-08,2025-05-21,1,,eid710,O,R,webmail.net,travel,trends,26.375867,-80.886187,2026-03-13,US,3817,"48,6",0,vendor_a,andrew,miller,59883
711,user711@testmail.org,James,King,5029 Hill St,Georgetown,,OH,45207,social,555-587-8304,F,1986-03-15,2025-03-08,0,,eid711,B,R,webmail.net,travel,reviews,31.157700,-112.433325,2026-05-21,US,656,"16,37",0,vendor_a,james,king,45207
712,user712@example.com,Emily,Wilson,5092 Cedar Ln,,Clay,LA,,social,555-566-7526,M,1946-06-15,2025-06-05,0,,eid712,W,R,webmail.net,home,tips,36.667697,-76.560287,2026-05-16,US,4392,"15,43",1,vendor_a,emily,wilson,
713,user713@webmail.net,Hannah,xx,8520 Elm Blvd,,Franklin,HI,97423,affiliate,555-613-2150,M,1959-05-16,2025-04-25,1,,eid713,O,R,company.io,finance,guides,33.280935,-82.954434,2026-07-22,US,3609,"2,9",1,partner_c,hannah,xx,97423
714,user714@webmail.net,zzzz,O'Brien,9333 Lake Dr,Riverside,Montgomery,NV,89615,organic,555-352-1583,M,1981-06-23,2025-05-17,0,,eid714,U,R,company.io,tech,tips,43.506476,-88.763531,2026-03-10,US,2204,"17,41",1,partner_c,zzzz,o'brien,89615
715,user715@example.com,Mary,Brown,8584 River Rd,Greenville,,SC,29902,partner,555-263-8171,M,1994-06-24,2025-10-28,0,,eid715,O,O,example.com,auto,guides,25.117207,-87.717987,2026-04-18,US,2628,"46,15",1,partner_c,mary,brown,29902
716,user716@example.com,David,Baker,5738 Hill St,Arlington,Washington,RI,03280,social,555-544-5079,F,1985-11-27,2025-09-05,1,,eid716,H,O,example.com,travel,reviews,43.994295,-76.716352,2026-04-14,US,821,"38,4",1,internal,david,baker,03280
717,user717@inbox.co,Sophia,Wright,8713 Cedar Ln,Georgetown,Marion,WY,83581,affiliate,555-581-3848,M,1998-08-09,2025-07-14,1,,eid717,H,O,inbox.co,home,guides,32.253058,-73.690471,2026-08-25,US,1735,"2,45",0,vendor_a,sophia,wright,83581
718,user718@example.com,Sarah,Moore,177 Maple Dr,Arlington,Clay,IL,62660,organic,555-343-1728,M,1968-09-12,2025-01-02,1,,eid718,W,O,webmail.net,home,news,43.933606,-92.172741,2026-07-17,US,2345,"29,17",0,partner_c,sarah,moore,62660
719,user719@testmail.org,Mary,Wilson,4491 Pine Rd,Clinton,Jackson,TN,37301,paid-search,555-384-6469,M,1957-04-12,2025-03-23,1,,eid719,W,R,testmail.org,home,tips,47.615041,-117.445881,2026-03-19,US,612,"3,27",1,vendor_a,mary,wilson,37301
720,user720@example.com,Dummy,Anne-Marie,1274 Elm Blvd,Clinton,Adams,RI,12A45,paid-search,555-852-6931,M,1963-12-12,2025-10-27,0,,eid720,W,O,webmail.net,tech,reviews,44.479745,-74.696927,2026-03-19,US,4351,"34,30",1,vendor_a,dummy,anne-marie,12A45
721,  user721@testmail.org  ,Michael,Thomas,1071 Cedar Ln,Bristol,Marion,NC,28313,social,555-547-9437,M,1984-11-01,2025-12-11,1,,eid721,B,R,example.com,auto,trends,41.991761,-103.023374,2026-03-13,,1760,"31,1",1,vendor_a,michael,thomas,28313
722,user722@example.com,Linda,Taylor,4120 River Rd,Riverside,Jefferson,,79403,organic,555-926-5659,M,1974-09-15,2025-07-23,0,,eid722,B,O,example.com,tech,guides,41.443302,-93.773720,2026-02-25,US,1477,"39,28",1,vendor_b,linda,taylor,79403
723,NULL,Paul,Wright,8581 Maple Dr,Greenville,,WA,98436,paid-search,555-863-3135,M,1941-09-07,2025-02-09,1,,eid723,W,O,testmail.org,travel,trends,30.863550,-81.101782,2026-06-23,US,3811,"17,47",0,vendor_b,paul,wright,98436
724,,Paul,Lewis,8265 Pine Rd,Greenville,Montgomery,VT,05761,partner,555-965-3831,M,1946-09-02,2025-03-19,1,,eid724,H,O,webmail.net,sports,trends,31.701471,-88.861797,2026-01-25,US,2640,"27,25",1,internal,paul,lewis,05761
725,..@..,bbbb,Taylor,1096 Maple Dr,Greenville,Adams,NH,03416,affiliate,555-997-2764,F,1941-03-24,2025-09-11,1,,eid725,B,O,company.io,sports,news,38.143886,-123.166509,2026-07-21,US,1754,"4,10",1,internal,bbbb,taylor,03416
726,user726@webmail.net,Jason,Sjöberg,6873 Main St,Bristol,,AL,0,paid-search,555-795-3296,F,1948-02-26,2025-05-07,0,,eid726,H,R,example.com,sports,reviews,43.148789,-73.331770,2026-07-18,US,4275,"34,45",0,partner_c,jason,sjöberg,0
727,user727@inbox.co,Hannah,José,2344 Elm Blvd,Arlington,Jackson,CA,39262,paid-search,555-123-4112,F,1992-08-12,2025-08-11,0,,eid727,H,O,example.com,health,guides,47.792719,-85.819284,2026-03-17,US,2895,"40,45",1,vendor_b,hannah,josé,39262
728,,Mary,Miller,9460 Maple Dr,Springfield,Clay,GA,30261,paid-search,555-818-9933,F,1954-05-17,2025-07-12,1,,eid728,W,O,example.com,travel,news,38.494874,-83.072579,2026-07-13,US,3341,"47,46",0,vendor_b,mary,miller,30261
729,user729@testmail.org,Jason,Brown,3538 Lake Dr,,Marion,CA,93650,social,555-473-8487,F,1967-06-03,2025-12-09,1,,eid729,O,R,inbox.co,sports,deals,36.630576,-94.210835,2026-02-17,US,2241,"25,19",1,partner_c,jason,brown,93650
730,,aaaa,Adams,2427 Maple Dr,Franklin,,KS,67178,paid-search,555-379-9991,F,1952-04-21,2025-10-16,0,,eid730,A,O,company.io,auto,tips,25.620432,-96.305180,2026-06-20,US,4451,"33,36",1,internal,aaaa,adams,67178
731,user731@inbox.co,Brian,King,2148 Oak Ave,Salem,Franklin,PA,79194,social,555-128-8814,F,1986-01-23,2025-04-04,0,,eid731,B,O,company.io,auto,news,40.384954,-101.895286,2026-01-13,US,4114,"38,34",1,internal,brian,king,79194
732,  user732@testmail.org  ,Mary,Garcia,2226 Main St,Arlington,Jackson,DC,20319,social,555-109-8965,F,1959-10-14,2025-10-12,1,,eid732,H,R,example.com,travel,reviews,28.044092,-108.725801,2026-07-13,US,1869,"12,44",1,internal,mary,garcia,20319
733,  user733@inbox.co  ,J,Lewis,6938 Sunset Ave,Springfield,Lincoln,MO,65832,partner,555-636-4619,M,1979-10-06,2025-06-25,1,,eid733,O,R,testmail.org,health,trends,40.858156,-104.121577,2026-02-25,US,64,"17,46",0,vendor_b,j,lewis,65832
734,user734@testmail.org,David,André,6809 Lake Dr,Springfield,Adams,,18464,partner,555-190-8310,M,1972-04-17,2025-06-09,1,,eid734,U,O,testmail.org,finance,deals,27.069765,-79.051711,2026-05-15,US,4878,"39,25",0,internal,david,andré,18464
735,user735@testmail.org,Patricia,Young,614 Elm Blvd,Arlington,Adams,ZZ,015 8,affiliate,555-423-7100,F,1953-08-03,2025-02-10,0,,eid735,U,O,webmail.net,auto,trends,33.946046,-107.761412,2026-01-17,US,519,"14,40",1,vendor_b,patricia,young,015 8
736,user736@testmail.org,Anna,Young,5588 River Rd,Salem,Lincoln,LA,70926,social,555-410-6413,M,1968-06-08,2025-06-14,1,,eid736,B,O,testmail.org,home,news,29.018941,-119.297080,2026-03-28,US,3591,"4,16",1,internal,anna,young,70926
737,user737@example.com,bbbb,King,8389 Hill St,Bristol,,OR,97529,organic,555-763-1209,M,1967-02-15,2025-11-22,0,,eid737,A,O,example.com,sports,guides,42.321477,-69.333896,2026-02-18,US,1232,"45,7",0,vendor_b,bbbb,king,97529
738,user738@webmail.net,Laura,Green,5355 Oak Ave,Bristol,Jackson,MO,64754,affiliate,555-750-6382,M,1981-08-09,2025-09-23,1,,eid738,U,R,webmail.net,home,news,36.212370,-123.811538,2026-01-27,US,3440,"9,25",1,internal,laura,green,64754
739,user739@company.io,Unknown,Garcia,7729 Maple Dr,Georgetown,Monroe,NY,10511,affiliate,555-852-8380,M,1972-01-16,2025-02-14,1,,eid739,O,R,example.com,auto,deals,42.658198,-86.609885,2026-07-14,US,3508,"28,23",1,internal,unknown,garcia,10511
740,user740@company.io,Patricia,Jackson,5429 Cedar Ln,Fairview,Franklin,DC,20744,paid-search,555-810-7582,M,1949-03-26,2025-05-12,1,,eid740,U,O,inbox.co,health,trends,38.531033,-111.134104,2026-08-24,US,61,"14,41",0,internal,patricia,jackson,20744
741,user741@example.com,Daniel,Miller,4787 Pine Rd,Arlington,Franklin,CA,90415,social,555-313-9277,F,1997-03-05,2025-10-21,0,,eid741,B,O,testmail.org,finance,tips,39.508167,-87.335800,2026-03-27,US,3512,"23,35",1,internal,daniel,miller,90415
742,user742@webmail.net,José,Hall,1028 Hill St,Springfield,Franklin,IL,61341,social,555-441-3017,F,1981-08-16,2025-11-22,1,,eid742,B,O,example.com,health,guides,27.431439,-121.931573,2026-07-21,US,3656,"31,48",1,vendor_b,josé,hall,61341
743,user743@testmail.org,Andrew,Jackson,1304 River Rd,Clinton,Jackson,DE,19505,paid-search,555-518-8125,F,1952-05-27,2025-01-09,1,,eid743,H,O,webmail.net,tech,news,26.166443,-110.798883,2026-06-15,US,2762,"14,49",0,partner_c,andrew,jackson,19505
744,NULL,Brian,Lee,7764 Oak Ave,Bristol,Jackson,NE,69310,partner,555-937-2952,M,1959-05-24,2025-02-02,0,,eid744,W,O,inbox.co,home,trends,26.337276,-121.153493,2026-01-15,US,571,"30,33",1,vendor_b,brian,lee,69310
745,user745@example.com,Michael,Young,3017 Maple Dr,Franklin,Jefferson,GA,31907,partner,555-262-9416,M,1947-04-10,2025-01-15,1,,eid745,A,R,example.com,finance,tips,46.793085,-91.105550,2026-08-22,US,3960,"49,45",1,partner_c,michael,young,31907
746,a@b,Grace,Wilson,5547 Hill St,Salem,Monroe,MT,59142,social,555-781-7395,M,1977-05-06,2025-04-15,0,,eid746,W,O,example.com,auto,reviews,49.297774,-96.432290,2026-02-22,US,1615,"14,13",1,vendor_a,grace,wilson,59142
747,user747@inbox.co,Hannah,Brown,1718 Maple Dr,Salem,Jefferson,33,42862,organic,555-580-2228,F,1942-05-11,2025-05-01,0,,eid747,A,R,testmail.org,auto,trends,43.240453,-99.724991,2026-05-19,US,2557,"4,12",0,vendor_b,hannah,brown,42862
748,user748@inbox.co,Sarah,Baker,6685 Hill St,Greenville,Washington,CO,80175,affiliate,555-760-9913,F,1980-04-04,2025-08-03,0,,eid748,A,R,inbox.co,travel,news,30.978763,-85.449095,2026-02-18,US,237,"38,39",0,vendor_b,sarah,baker,80175
749,user749@inbox.co,Emily,Anderson,4154 Oak Ave,Georgetown,Montgomery,TX,75891,social,555-650-6487,F,1942-07-14,2025-06-27,0,,eid749,O,R,inbox.co,travel,news,25.970420,-86.849743,2026-02-11,US,1623,"37,48",1,vendor_b,emily,anderson,75891
750,user750@example.com,Paul,King,2141 Oak Ave,Springfield,Marion,XX,17464,social,555-603-6274,M,1987-08-14,2025-09-24,1,,eid750,B,R,example.com,home,guides,36.805150,-117.096685,2026-01-16,US,4770,"37,7",0,internal,paul,king,17464
751,user751@webmail.net,Sjöberg,Scott,1326 Sunset Ave,Arlington,Franklin,MT,59545,paid-search,555-356-4941,F,1989-11-06,2025-07-19,1,,eid751,W,R,inbox.co,tech,deals,45.372501,-110.681614,2026-04-15,US,35,"36,39",0,vendor_a,sjöberg,scott,59545
752,user752@example.com,Anna,Johnson,3517 Pine Rd,Georgetown,Marion,NV,88655,social,555-405-2814,F,1961-01-01,2025-03-06,0,,eid752,O,R,company.io,auto,reviews,32.289462,-118.709458,2026-05-24,US,2978,"39,45",1,partner_c,anna,johnson,88655
753,user753@inbox.co,Mark,Baker,4058 Cedar Ln,Clinton,Jackson,OR,97634,partner,555-387-8811,M,1951-01-24,2025-08-18,1,,eid753,A,O,webmail.net,finance,deals,33.076503,-108.537833,2026-01-14,US,1220,"28,42",1,partner_c,mark,baker,97634
754,user754@company.io,Kevin,François,6375 Lake Dr,Arlington,Adams,NC,27368,affiliate,555-192-1481,M,1953-08-16,2025-02-23,1,,eid754,H,O,webmail.net,tech,guides,44.256554,-103.395848,2026-02-23,US,1119,"47,47",0,partner_c,kevin,françois,27368
755,user755@example.com,Michael,Jackson,,Madison,Clay,md,21699,partner,555-556-7106,F,1961-11-17,2025-08-16,0,,eid755,W,R,testmail.org,travel,news,25.369037,-78.808470,2026-07-24,US,3447,"25,10",1,partner_c,michael,jackson,21699
756,user756@webmail.net,Sarah,Walker,2721 Main St,Greenville,Marion,IA,52205,paid-search,555-963-7215,F,1978-03-17,2025-06-28,0,,eid756,B,R,webmail.net,finance,deals,36.721378,-111.346890,2026-06-24,,129,"31,6",1,internal,sarah,walker,52205
757,user757@example.com,Sophia,Wilson,6990 Pine Rd,Arlington,Adams,AZ,86776,paid-search,555-816-8390,F,1986-09-22,2025-05-23,1,,eid757,O,O,testmail.org,auto,reviews,33.368023,-120.579264,2026-03-16,US,1846,"47,45",0,partner_c,sophia,wilson,86776
758,user758@example.com,Sjöberg,Green,3405 Sunset Ave,Bristol,Marion,WV,24490,affiliate,555-317-2192,F,1951-11-23,2025-01-17,1,,eid758,H,O,company.io,auto,trends,32.014491,-81.529658,2026-08-25,US,727,"16,26",0,partner_c,sjöberg,green,24490
759,not-an-email,Olivia,Scott,135 Oak Ave,Georgetown,,KS,66988,social,555-875-6997,F,1980-09-07,2025-07-04,0,,eid759,U,R,webmail.net,home,news,41.330216,-67.738071,2026-07-18,US,3529,"9,25",1,internal,olivia,scott,66988
760,user760@example.com,Patricia,Anne-Marie,5859 Maple Dr,Greenville,Franklin,FL,33101,social,555-840-9867,F,1988-05-11,2025-09-28,1,,eid760,A,O,webmail.net,auto,tips,32.578488,-80.813584,2026-06-10,US,4655,"33,1",1,partner_c,patricia,anne-marie,33101
761,user761@example.com,Emily,Unknown,3999 Sunset Ave,Franklin,Clay,IA,50644,affiliate,555-346-4753,M,1989-12-16,2025-04-05,0,,eid761,A,R,testmail.org,sports,deals,48.638930,-115.260859,2026-05-11,US,4210,"15,47",0,internal,emily,unknown,50644
762,user762@inbox.co,qqqq,O'Brien,1198 Elm Blvd,Georgetown,Clay,UT,123456,partner,555-799-4267,F,1986-07-09,2025-11-19,1,,eid762,W,O,webmail.net,home,deals,49.956015,-80.976123,2026-04-20,US,1131,"22,48",0,partner_c,qqqq,o'brien,123456
763,user763@webmail.net,Robert,Taylor,1130 Oak Ave,Bristol,Marion,PA,19126,partner,555-781-8939,M,1969-09-04,2025-07-22,0,,eid763,U,O,company.io,finance,reviews,31.630723,-72.695403,2026-08-21,US,2861,"17,16",0,partner_c,robert,taylor,19126
764,  user764@example.com  ,Grace,Anderson,7949 Lake Dr,Fairview,Montgomery,OH,04524,social,555-778-9872,M,1945-01-22,2025-12-08,1,,eid764,U,O,testmail.org,auto,deals,29.411110,-79.955823,2026-04-14,US,1566,"27,33",1,internal,grace,anderson,04524
765,not-an-email,Grace,King,9924 River Rd,Fairview,Jefferson,WA,99543,organic,555-251-7739,F,1976-05-23,2025-11-09,1,,eid765,B,R,example.com,tech,trends,34.107888,-82.093143,2026-08-23,US,2381,"6,4",1,internal,grace,king,99543
766,user766@inbox.co,A,Taylor,8897 Sunset Ave,Riverside,Monroe,NJ,07938,organic,555-744-7652,M,1942-09-18,2025-10-16,0,,eid766,W,R,example.com,travel,reviews,45.898103,-76.486563,2026-06-26,US,2243,"15,6",0,partner_c,a,taylor,07938
767,user767@testmail.org,Robert,Baker,8503 Hill St,Madison,Jefferson,SD,015 8,social,555-762-7229,F,1950-09-19,2025-11-24,0,,eid767,W,O,company.io,travel,trends,28.778947,-78.481512,2026-01-26,US,4081,"19,1",0,partner_c,robert,baker,015 8
768,user768@inbox.co,Paul,Müller,,Bristol,Jefferson,ND,58140,social,555-395-3576,M,1955-02-12,2025-01-11,0,,eid768,O,R,inbox.co,sports,guides,46.220808,-66.061332,2026-08-16,US,4135,"38,48",0,internal,paul,müller,58140
769,user769@company.io,Anna,Adams,3664 Sunset Ave,Fairview,Adams,MI,49108,organic,555-406-5704,M,1974-10-13,2025-05-05,1,,eid769,W,O,inbox.co,finance,trends,25.415310,-69.563640,2026-08-10,US,2940,"38,13",0,vendor_a,anna,adams,49108
770,,Mary,Miller,,Springfield,Marion,74,,partner,555-431-6037,M,1989-08-24,2025-10-17,0,,eid770,A,R,testmail.org,finance,deals,47.683832,-66.039231,2026-05-21,US,1963,"21,33",1,partner_c,mary,miller,
771,user771@inbox.co,Chloe,Garcia,5682 Sunset Ave,Bristol,Adams,MN,55786,organic,555-255-2276,F,1958-12-19,2025-01-04,0,,eid771,B,R,example.com,home,news,31.468882,-69.694172,2026-02-24,US,4333,"36,15",0,vendor_b,chloe,garcia,55786
772,user772@testmail.org,Chloe,King,3083 Elm Blvd,Georgetown,Washington,CT,06833,paid-search,555-321-3604,M,1979-08-27,2025-07-14,0,,eid772,H,O,company.io,home,news,29.332028,-77.093358,2026-02-10,US,1852,"32,19",1,vendor_a,chloe,king,06833
773,,Patricia,O'Brien,4716 Sunset Ave,Clinton,Montgomery,ct,06712,organic,555-792-1004,F,1941-07-06,2025-07-25,0,,eid773,A,O,example.com,home,tips,35.127955,-93.133754,2026-01-21,US,2182,"40,20",0,vendor_b,patricia,o'brien,06712
774,user774@example.com,Linda,Martin,5188 Sunset Ave,Springfield,Lincoln,OK,73114,social,555-970-9685,M,1956-04-24,2025-11-05,1,,eid774,U,R,company.io,finance,trends,41.419502,-118.356883,2026-04-12,US,3906,"46,30",0,vendor_b,linda,martin,73114
775,not-an-email,Chloe,Jackson,4914 Elm Blvd,Riverside,Washington,ZZ,19044,organic,555-731-4656,M,1946-11-04,2025-11-15,1,,eid775,W,O,webmail.net,auto,trends,46.333644,-78.532443,2026-07-17,US,1596,"37,34",1,vendor_b,chloe,jackson,19044
776,user776@example.com,Michael,Anderson,,Greenville,Jefferson,IN,47562,social,555-355-2999,M,1952-04-25,2025-12-08,1,,eid776,W,O,testmail.org,tech,trends,34.651278,-95.594022,2026-04-20,US,3770,"21,42",0,vendor_a,michael,anderson,47562
777,user777@company.io,Brian,Johnson,9495 Lake Dr,Bristol,,NC,28181,organic,555-524-9711,F,1968-07-21,2025-08-12,0,,eid777,B,R,testmail.org,sports,news,48.286020,-76.172373,2026-02-10,US,3129,"21,30",1,internal,brian,johnson,28181
778,user778@testmail.org,Patricia,Walker,5332 Sunset Ave,Salem,,RI,02369,paid-search,555-270-1702,M,1968-01-24,2025-11-18,0,,eid778,W,R,testmail.org,auto,guides,34.899226,-112.103114,2026-07-11,US,1206,"26,33",1,internal,patricia,walker,02369
779,,Jason,Lee,6968 Oak Ave,Arlington,Jefferson,RI,02846,social,555-220-3833,F,1959-04-03,2025-04-19,1,,eid779,A,R,company.io,tech,trends,46.568552,-111.431956,2026-01-27,US,1110,"22,45",1,partner_c,jason,lee,02846
780,a@b,David,Johnson,2634 Oak Ave,Madison,Franklin,AL,35806,social,555-996-8036,M,1945-10-27,2025-09-25,0,,eid780,U,O,testmail.org,auto,reviews,27.772565,-77.828712,2026-04-22,US,1112,"17,18",0,vendor_a,david,johnson,35806
781,no-at-sign.com,Grace,Brown,4077 River Rd,Clinton,Lincoln,OK,73268,organic,555-292-5690,M,1980-08-24,2025-11-09,1,,eid781,O,O,testmail.org,auto,deals,28.545822,-110.103096,2026-02-28,US,2885,"19,18",1,internal,grace,brown,73268
782,user782@company.io,Michael,Brown,6777 River Rd,Clinton,Jackson,NE,00USA,paid-search,555-161-5658,F,1992-07-20,2025-07-11,1,,eid782,O,O,example.com,finance,trends,27.047753,-113.477223,2026-01-15,US,4623,"26,24",0,partner_c,michael,brown,00USA
783,user783@example.com,Eric, ,1575 Lake Dr,Springfield,Adams,NC,27238,social,555-810-7726,M,1990-01-24,2025-03-01,0,,eid783,H,R,webmail.net,auto,guides,31.708790,-120.550926,2026-02-11,US,978,"21,34",0,internal,eric, ,27238
784,user784@company.io,Jean-Pierre,D'Angelo,8038 Maple Dr,Salem,Clay,OH,45689,affiliate,555-845-3552,F,1951-04-05,2025-07-25,0,,eid784,U,O,webmail.net,health,news,35.641046,-92.208560,2026-04-13,US,2047,"35,21",1,vendor_a,jean-pierre,d'angelo,45689
785,user name@x.com,Hannah,Wright,6519 Hill St,Greenville,Franklin,NH,03290,organic,555-189-4948,M,1956-09-20,2025-01-20,1,,eid785,W,O,example.com,finance,news,48.927740,-114.158576,2026-08-13,US,4825,"9,37",0,vendor_b,hannah,wright,03290
786,user786@company.io,Emily,Lee,8772 Hill St,Clinton,Jefferson,WV,000CA,paid-search,555-722-3519,F,1950-01-26,2025-01-08,0,,eid786,U,R,testmail.org,travel,trends,39.780444,-120.085956,2026-03-19,US,625,"20,13",0,internal,emily,lee,000CA
787,user787@webmail.net,Brian,Lee,7266 Oak Ave,,Lincoln,WV,25873,paid-search,555-986-1742,M,1972-01-14,2025-09-28,1,,eid787,A,R,company.io,travel,news,27.770910,-111.764152,2026-04-11,US,4013,"36,30",0,internal,brian,lee,25873
788,no-at-sign.com,Anna,Martin,6117 Lake Dr,Bristol,Washington,VA,24885,affiliate,555-918-5465,F,1945-08-05,2025-08-26,1,,eid788,A,O,testmail.org,travel,news,29.665009,-110.077468,2026-04-16,US,3056,"41,27",1,vendor_a,anna,martin,24885
789,user@@double.com,Laura,Scott,1086 Cedar Ln,Clinton,Adams,MO,63350,organic,555-967-4665,M,1993-05-24,2025-04-27,0,,eid789,W,R,testmail.org,finance,deals,32.852346,-117.743900,2026-05-24,US,1781,"17,36",1,vendor_b,laura,scott,63350
790,a@b,Chloe,Wilson,7547 Elm Blvd,Clinton,Clay,VA,22631,partner,555-494-2759,F,1976-10-28,2025-08-10,0,,eid790,O,O,company.io,travel,deals,34.629718,-92.436724,2026-08-11,US,1974,"3,5",1,vendor_a,chloe,wilson,22631
791,user791@example.com,Test,Clark,6356 Lake Dr,Riverside,Franklin,FL,34154,social,555-343-3440,M,1987-01-06,2025-07-17,0,,eid791,U,R,example.com,auto,tips,38.449307,-80.740969,2026-04-16,US,654,"37,33",1,vendor_a,test,clark,34154
792,user792@example.com,Jason,zzzz,2347 Cedar Ln,Riverside,Adams,NJ,07250,social,555-241-5071,F,1967-02-17,2025-07-19,1,,eid792,H,R,webmail.net,home,deals,32.832846,-76.965500,2026-08-26,US,3419,"15,14",0,partner_c,jason,zzzz,07250
793,user793@testmail.org,Müller,Adams,1656 Cedar Ln,Greenville,Clay,PA,18843,organic,555-355-3609,M,1982-10-21,2025-06-06,1,,eid793,A,O,company.io,auto,reviews,41.480619,-122.654282,2026-07-16,US,4249,"4,44",1,vendor_b,müller,adams,18843
794,user794@testmail.org,qqqq,Taylor,8194 Cedar Ln,Riverside,Montgomery,VT,05618,affiliate,555-419-9324,M,1966-05-19,2025-02-22,0,,eid794,O,R,inbox.co,health,news,26.852549,-123.942205,2026-05-26,US,510,"46,7",0,vendor_a,qqqq,taylor,05618
795,user795@inbox.co,Michael,Wright,9620 Lake Dr,Greenville,Montgomery,NV,000CA,organic,555-792-6554,M,1946-01-26,2025-04-17,1,,eid795,B,O,inbox.co,health,reviews,24.915929,-84.372304,2026-02-24,US,4986,"33,30",0,internal,michael,wright,000CA
796,  user796@example.com  ,Laura,Hall,,Riverside,Marion,NC,27109,affiliate,555-672-6005,F,1962-04-23,2025-03-28,0,,eid796,H,R,example.com,auto,trends,36.691431,-101.356161,2026-07-10,US,4539,"39,5",0,vendor_a,laura,hall,27109
797,user797@company.io,Mary,O'Brien,269 Pine Rd,Springfield,Washington,IN,46453,social,555-559-6545,M,1962-10-10,2025-04-15,0,,eid797,H,O,testmail.org,tech,reviews,31.929848,-118.513997,2026-01-23,US,3417,"6,13",1,vendor_a,mary,o'brien,46453
798,user798@webmail.net,Daniel,Lee,3237 Elm Blvd,Greenville,Jackson,VT,05478,organic,555-948-6618,F,1950-03-27,2025-05-02,0,,eid798,H,R,inbox.co,finance,guides,46.561569,-99.094823,2026-01-11,US,4035,"45,20",1,vendor_b,daniel,lee,05478
799,user799@webmail.net,Test,Jackson,2564 Maple Dr,Franklin,Lincoln,MD,22851,organic,555-943-6771,M,1968-01-22,2025-12-28,1,,eid799,H,R,inbox.co,home,reviews,42.399642,-86.352118,2026-04-26,US,222,"28,20",1,partner_c,test,jackson,22851
800,user800@inbox.co,Fakeuser,Moore,504 Maple Dr,Clinton,Adams,NM,87373,affiliate,555-432-9067,F,1981-09-20,2025-03-21,1,,eid800,O,O,inbox.co,sports,guides,26.361686,-118.363610,2026-01-13,US,4638,"40,38",1,internal,fakeuser,moore,87373
801,user801@inbox.co,Laura,Scott,6640 Oak Ave,Georgetown,Franklin,TX,78255,organic,555-754-7883,F,1980-06-09,2025-02-15,0,,eid801,W,R,webmail.net,health,trends,45.766044,-110.022604,2026-01-26,US,3552,"41,44",0,internal,laura,scott,78255
802,user802@inbox.co,Anna,Lewis,5129 Pine Rd,Greenville,Monroe,SD,57729,affiliate,555-417-4639,F,1997-04-04,2025-04-16,1,,eid802,W,R,webmail.net,tech,trends,38.665974,-110.562603,2026-08-18,US,879,"29,10",0,vendor_a,anna,lewis,57729
803,user803@testmail.org,Sjöberg,Johnson,3872 Cedar Ln,Franklin,Washington,AZ,86260,social,555-608-7537,F,1959-11-02,2025-05-03,0,,eid803,B,O,example.com,finance,tips,38.054506,-88.789475,2026-07-16,US,264,"40,6",1,partner_c,sjöberg,johnson,86260
804,user804@inbox.co,José,Baker,3233 Cedar Ln,Fairview,Marion,CT,06586,social,555-180-3848,M,1962-10-24,2025-11-27,0,,eid804,U,O,example.com,finance,reviews,46.013053,-97.477221,2026-01-18,US,4965,"28,42",0,internal,josé,baker,06586
805,,qqqq,Green,9322 Elm Blvd,Greenville,Montgomery,XX,88349,social,555-922-9681,M,1982-04-21,2025-08-18,1,,eid805,U,R,testmail.org,auto,reviews,46.876744,-68.542594,2026-06-25,US,4516,"36,45",1,vendor_a,qqqq,green,88349
806,@missinglocal,Robert,Lee,1302 River Rd,Madison,Franklin,ND,58338,organic,555-382-7269,F,1962-01-09,2025-01-25,0,,eid806,O,O,testmail.org,auto,tips,25.392831,-71.002129,2026-03-26,US,2509,"36,23",1,internal,robert,lee,58338
807,  user807@example.com  ,Kevin,King,7358 Oak Ave,,Adams,AL,36271,paid-search,555-682-7686,M,1967-08-08,2025-12-11,0,,eid807,H,O,webmail.net,health,deals,47.038800,-111.893935,2026-02-10,US,3847,"16,37",1,vendor_a,kevin,king,36271
808,user808@testmail.org,Patricia,Wilson,9802 Pine Rd,Bristol,Franklin,WA,98730,partner,555-707-4192,F,1961-10-12,2025-12-02,1,,eid808,O,O,example.com,auto,news,45.278485,-112.614532,2026-01-18,US,860,"34,2",0,vendor_a,patricia,wilson,98730
809,user809@example.com,David,Jackson,3364 Oak Ave,Clinton,Clay,AL,35724,organic,555-475-8173,M,1964-08-05,2025-10-12,0,,eid809,B,O,example.com,sports,trends,46.242373,-67.194963,2026-06-19,US,2004,"9,14",1,internal,david,jackson,35724
810,NULL,Emily,Hall,943 Cedar Ln,Salem,Monroe,NH,03832,organic,555-576-2198,F,1973-03-15,2025-01-03,0,,eid810,W,R,inbox.co,auto,deals,34.263463,-104.443080,2026-03-25,US,4514,"15,31",0,vendor_a,emily,hall,03832
811,user@@double.com,Mark,Wilson,7845 Maple Dr,Clinton,Montgomery,46,000CA,affiliate,555-331-2409,F,1944-07-16,2025-01-21,1,,eid811,O,R,webmail.net,sports,tips,40.076466,-119.163008,2026-05-25,US,2087,"11,47",1,vendor_a,mark,wilson,000CA
812,user812@company.io,Daniel,André,449 Maple Dr,Georgetown,Monroe,NE,68524,organic,555-259-4185,M,1969-10-06,2025-11-09,0,,eid812,A,R,company.io,tech,reviews,48.775805,-124.043381,2026-04-22,US,3430,"22,2",1,internal,daniel,andré,68524
813,user813@testmail.org,Sophia,King,7177 Elm Blvd,Riverside,Montgomery,OH,45619,partner,555-100-6034,F,1986-02-12,2025-10-08,1,,eid813,O,R,example.com,tech,news,27.482844,-100.984400,2026-04-17,,3322,"18,19",1,vendor_a,sophia,king,45619
814,user814@example.com,Chloe,Martin,6647 Lake Dr,Georgetown,Adams,NY,12556,partner,555-339-7201,M,1969-03-06,2025-01-26,1,,eid814,A,O,company.io,sports,reviews,36.511761,-110.439957,2026-08-24,US,4195,"31,11",1,partner_c,chloe,martin,12556
815,user815@testmail.org,Brian,Adams,1567 Sunset Ave,Clinton,Montgomery,CT,06606,affiliate,555-430-8288,F,1973-06-20,2025-11-11,0,,eid815,B,R,company.io,tech,tips,30.167807,-96.698832,2026-05-27,,3512,"2,40",1,partner_c,brian,adams,06606
816,user816@inbox.co,François,Baker,,Clinton,,WY,83147,organic,555-594-2532,F,1968-11-04,2025-10-26,0,,eid816,A,O,company.io,sports,news,42.231029,-100.826367,2026-04-12,,1677,"15,7",1,vendor_b,françois,baker,83147
817,user name@x.com,Michael,Smith,2907 Oak Ave,Salem,Montgomery,AK,99323,partner,555-987-1343,M,1980-04-23,2025-10-18,1,,eid817,H,R,webmail.net,finance,tips,38.595357,-68.405624,2026-08-21,US,4001,"21,47",0,partner_c,michael,smith,99323
818,user818@inbox.co,Jason,bbbb,6921 Elm Blvd,Riverside,Montgomery,OH,44332,partner,555-616-6833,F,1998-06-17,2025-01-19,0,,eid818,W,R,company.io,health,guides,48.918665,-107.982813,2026-08-25,US,3689,"45,1",1,vendor_a,jason,bbbb,44332
819,,André,Wright,3482 Pine Rd,,Clay,VA,24742,social,555-490-4261,F,1960-09-12,2025-02-26,0,,eid819,B,R,example.com,tech,reviews,46.180498,-119.875950,2026-02-15,US,2625,"24,26",1,vendor_a,andré,wright,24742
820,user820@webmail.net,Patricia,King,3641 Maple Dr,Madison,Montgomery,OH,44143,organic,555-991-9524,M,1981-11-27,2025-03-12,1,,eid820,H,O,example.com,tech,guides,47.303320,-112.475670,2026-03-10,US,3184,"2,37",0,vendor_a,patricia,king,44143
821,user821@inbox.co,Anne-Marie,Young,3860 Pine Rd,Fairview,Jackson,WY,83739,affiliate,555-382-5312,F,1961-12-09,2025-01-07,1,,eid821,W,O,testmail.org,travel,reviews,42.781471,-105.535931,2026-08-21,US,3027,"9,36",1,partner_c,anne-marie,young,83739
822,user822@testmail.org,Andrew,Johnson,7987 Main St,Bristol,,LA,70738,paid-search,555-114-2659,F,1972-06-08,2025-03-21,1,,eid822,B,O,inbox.co,health,reviews,34.147753,-113.624051,2026-03-22,US,1592,"10,40",1,internal,andrew,johnson,70738
823,user823@testmail.org,Michael,K,2527 Elm Blvd,Salem,Franklin,AR,72625,paid-search,555-834-1747,F,1976-04-06,2025-11-24,1,,eid823,A,R,company.io,home,deals,32.514339,-120.483017,2026-07-24,US,1659,"42,2",0,internal,michael,k,72625
824,  user824@example.com  ,James,Scott,8876 Hill St,,Clay,SD,57405,partner,555-884-9520,M,1952-03-05,2025-11-15,1,,eid824,W,R,webmail.net,health,guides,49.430185,-86.639474,2026-02-26,US,4214,"5,16",1,vendor_a,james,scott,57405
825,user825@testmail.org,Sophia,Johnson,9888 Oak Ave,Greenville,Washington,GU,14527,affiliate,555-196-8322,M,1946-11-08,2025-06-18,1,,eid825,U,R,inbox.co,sports,tips,45.074537,-85.334569,2026-06-15,US,3464,"6,36",0,internal,sophia,johnson,14527
826,user826@inbox.co,Mark,Jean-Pierre,6655 Sunset Ave,Madison,Marion,TX,76108,social,555-505-2734,M,1997-07-26,2025-08-07,1,,eid826,A,R,testmail.org,auto,news,38.383488,-99.370703,2026-06-18,US,3602,"48,19",0,internal,mark,jean-pierre,76108
827,user827@inbox.co,Mark,Smith,5461 Maple Dr,Riverside,Adams,WA,99850,affiliate,555-564-1142,M,1989-09-18,2025-02-13,1,,eid827,U,O,company.io,home,reviews,48.647733,-76.051119,2026-02-17,US,1361,"39,2",1,vendor_a,mark,smith,99850
828,user828@company.io,Olivia,Jean-Pierre,9918 Maple Dr,Salem,Clay,NJ,08744,affiliate,555-638-8579,M,1964-06-20,2025-03-10,0,,eid828,H,R,inbox.co,sports,deals,41.062589,-95.857413,2026-05-12,US,4823,"16,36",1,vendor_b,olivia,jean-pierre,08744
829,user829@testmail.org,Sophia,Young,5292 Pine Rd,Salem,Lincoln,OH,40573,affiliate,555-161-7372,M,1975-01-09,2025-08-21,1,,eid829,W,R,company.io,travel,guides,26.277992,-123.692975,2026-03-10,US,4946,"2,21",1,internal,sophia,young,40573
830,user830@example.com,Sophia,Baker,7686 Elm Blvd,Madison,Lincoln,MT,59598,affiliate,555-416-3150,M,1966-09-27,2025-04-04,1,,eid830,A,R,testmail.org,tech,guides,31.673291,-124.278671,2026-08-28,US,282,"15,15",1,vendor_b,sophia,baker,59598
831,user831@inbox.co,D'Angelo,Baker,5063 Main St,Springfield,Montgomery,AR,123456,social,555-324-7337,F,1985-06-22,2025-02-12,1,,eid831,A,R,testmail.org,health,reviews,34.199183,-99.491537,2026-07-25,US,48,"38,45",0,vendor_a,d'angelo,baker,123456
832,user832@testmail.org,Daniel,Sjöberg,5192 Lake Dr,Clinton,Franklin,KS,66793,affiliate,555-291-1881,M,1968-02-12,2025-11-07,1,,eid832,O,O,example.com,auto,guides,28.122813,-120.271659,2026-07-27,US,80,"15,45",0,vendor_a,daniel,sjöberg,66793
833,user833@company.io,Sarah,Clark,1759 Elm Blvd,Springfield,Montgomery,WI,54796,organic,555-926-7738,M,1975-03-27,2025-02-05,0,,eid833,O,R,inbox.co,travel,reviews,46.010146,-79.675877,2026-06-15,US,3309,"37,44",1,vendor_a,sarah,clark,54796
834,user834@example.com,Chloe,Mary-Jane,4109 River Rd,Arlington,Marion,UT,84203,organic,555-389-2419,M,1983-08-21,2025-03-19,0,,eid834,U,O,example.com,tech,tips,26.892191,-67.410590,2026-04-20,US,2976,"18,24",1,internal,chloe,mary-jane,84203
835,user835@example.com,Andrew,Green,9670 Oak Ave,Fairview,Lincoln,AK,99239,paid-search,555-908-5506,M,1952-01-08,2025-07-14,0,,eid835,H,O,company.io,sports,news,47.060873,-83.163632,2026-02-19,US,470,"40,9",1,partner_c,andrew,green,99239
836,,Grace,Wright,597 River Rd,Bristol,Monroe,IL,34131,affiliate,555-651-7677,F,1942-12-04,2025-06-11,0,,eid836,U,R,webmail.net,home,reviews,43.917131,-81.110903,2026-07-18,US,3386,"42,15",1,vendor_a,grace,wright,34131
837,  user837@company.io  ,Sample,Clark,4088 Hill St,Greenville,Franklin,ZZ,,social,555-638-8887,F,1989-08-03,2025-01-24,0,,eid837,U,O,example.com,auto,deals,45.365837,-103.283709,2026-07-11,US,693,"34,9",1,internal,sample,clark,
838,,Laura,Hall,9434 Cedar Ln,Clinton,Montgomery,WY,83962,paid-search,555-212-2292,F,1956-08-04,2025-12-10,0,,eid838,A,R,webmail.net,health,guides,28.025395,-73.752459,2026-06-22,US,4570,"34,45",0,partner_c,laura,hall,83962
839,user839@inbox.co,Jason,qqqq,3046 Main St,Greenville,Lincoln,OK,17789,paid-search,555-990-1461,M,1987-08-19,2025-12-07,1,,eid839,A,R,inbox.co,health,deals,32.973128,-118.999474,2026-04-11,,579,"38,23",0,internal,jason,qqqq,17789
840,user840@company.io,Daniel,Anderson,2522 Maple Dr,Greenville,Washington,RI,03934,social,555-725-4053,M,1989-01-07,2025-02-17,0,,eid840,W,O,example.com,tech,tips,28.322226,-77.951590,2026-02-23,US,1055,"34,22",0,vendor_a,daniel,anderson,03934
841,NULL,Robert,Z,4734 Maple Dr,,Adams,NY,30668,organic,555-449-5893,F,1984-12-12,2025-11-20,0,,eid841,U,O,example.com,home,news,47.261821,-105.293952,2026-08-19,US,3929,"35,29",1,partner_c,robert,z,30668
842,user842@example.com,Anna,Brown,3238 Elm Blvd,Riverside,Clay,NH,03233,organic,555-672-2820,M,1984-12-26,2025-07-02,1,,eid842,O,R,inbox.co,travel,tips,48.893134,-119.605726,2026-08-13,US,543,"15,3",1,vendor_b,anna,brown,03233
843,user843@inbox.co,Sophia,Martin,9847 Lake Dr,Arlington,Adams,IA,50818,affiliate,555-760-8310,F,1966-10-17,2025-03-20,0,,eid843,O,R,inbox.co,travel,guides,33.302043,-74.034446,2026-07-20,US,3138,"26,8",1,vendor_b,sophia,martin,50818
844,user844@webmail.net,Mary,Green,2173 Hill St,Franklin,Franklin,GA,30671,paid-search,555-875-2269,M,1979-03-03,2025-07-18,1,,eid844,H,R,webmail.net,travel,tips,35.725203,-120.257170,2026-04-11,US,4382,"22,20",1,vendor_a,mary,green,30671
845,user845@inbox.co,Jason,Scott,6835 Sunset Ave,Springfield,Montgomery,KS,000CA,paid-search,555-511-5926,F,1967-07-24,2025-04-14,1,,eid845,H,R,testmail.org,finance,reviews,25.690472,-107.404036,2026-02-19,,2559,"21,12",0,internal,jason,scott,000CA
846,user846@inbox.co,Grace,Thomas,,Franklin,Adams,RI,02492,organic,555-863-3118,M,1997-12-07,2025-09-10,0,,eid846,H,O,webmail.net,travel,reviews,24.197784,-80.963496,2026-05-13,US,2146,"27,36",1,internal,grace,thomas,02492
847,user847@inbox.co,Robert,Thomas,9190 Hill St,Fairview,Jackson,MD,22288,organic,555-473-7448,M,1963-06-13,2025-12-24,1,,eid847,A,O,webmail.net,health,trends,35.499410,-69.888407,2026-05-26,US,3879,"9,32",0,internal,robert,thomas,22288
848,user848@testmail.org,Olivia,Jackson,,Salem,,NM,87727,affiliate,555-372-6837,F,1940-11-27,2025-12-28,1,,eid848,B,R,webmail.net,home,guides,40.355191,-100.191906,2026-03-21,US,3612,"29,11",0,vendor_a,olivia,jackson,87727
849,,Olivia,aaaa,6678 Hill St,Greenville,Montgomery,AL,35932,paid-search,555-748-9215,F,1994-11-08,2025-08-12,0,,eid849,U,O,example.com,sports,news,43.290450,-116.761745,2026-02-15,US,4321,"26,9",0,internal,olivia,aaaa,35932
850,  user850@company.io  ,Linda,Hall,,Georgetown,Monroe,RI,03405,organic,555-555-5282,M,1940-05-02,2025-02-13,1,,eid850,H,R,webmail.net,health,deals,49.363875,-90.358471,2026-03-17,US,3929,"45,16",1,vendor_b,linda,hall,03405
851,a@b,Grace,Lewis,6565 Maple Dr,Salem,Monroe,IN,47454,paid-search,555-873-9689,F,1973-10-03,2025-08-06,0,,eid851,H,R,webmail.net,auto,deals,35.619727,-71.847016,2026-04-16,US,2938,"24,39",1,partner_c,grace,lewis,47454
852,user852@company.io,Daniel,Johnson,3642 Lake Dr,Clinton,Marion,IL,62359,affiliate,555-182-3256,M,1945-01-01,2025-06-08,1,,eid852,U,R,testmail.org,health,tips,30.784542,-121.029407,2026-08-10,US,497,"5,20",1,vendor_a,daniel,johnson,62359
853,user853@example.com,Abcuser,Clark,3281 Lake Dr,,Montgomery,CO,000CA,social,555-644-7424,F,1945-12-26,2025-08-28,0,,eid853,H,R,example.com,finance,tips,38.615326,-107.644284,2026-04-24,US,1273,"13,42",1,partner_c,abcuser,clark,000CA
854,user854@company.io,x,Young,2898 River Rd,Riverside,Washington,GA,30921,social,555-291-9088,M,1989-12-23,2025-02-07,1,,eid854,U,R,example.com,health,reviews,32.423775,-98.106196,2026-02-27,US,83,"1,41",0,vendor_a,x,young,30921
855,user855@webmail.net,Olivia,Dummy,398 Pine Rd,,Montgomery,DE,19321,partner,555-170-3467,M,1943-09-16,2025-05-22,0,,eid855,H,O,company.io,home,trends,48.184344,-115.985283,2026-06-28,US,996,"48,49",1,vendor_b,olivia,dummy,19321
856,user856@inbox.co,André,Baker,9699 Oak Ave,Madison,Jefferson,NE,69826,organic,555-315-1804,F,1969-03-17,2025-03-25,0,,eid856,A,R,testmail.org,travel,deals,28.334848,-108.611747,2026-04-10,US,4002,"23,7",0,vendor_a,andré,baker,69826
857,user@nodot,Andrew,Miller,9101 Maple Dr,Arlington,Clay,81,79227,social,555-726-4401,F,1971-09-13,2025-03-25,1,,eid857,B,R,webmail.net,sports,guides,24.761041,-70.188335,2026-03-26,US,1617,"37,2",0,partner_c,andrew,miller,79227
858,user858@company.io,Emily,Anne-Marie,8311 Hill St,Salem,Franklin,KY,40730,social,555-598-7073,M,1992-11-24,2025-12-22,1,,eid858,U,R,inbox.co,auto,tips,38.940391,-120.070933,2026-03-20,US,539,"30,49",0,vendor_b,emily,anne-marie,40730
859,user859@company.io,Unknown,King,683 Cedar Ln,Bristol,Clay,16,,social,555-881-4299,F,1995-08-06,2025-08-06,1,,eid859,U,O,webmail.net,finance,deals,35.650572,-77.360175,2026-07-23,US,2753,"26,28",1,vendor_a,unknown,king,
860,,Mary,Müller,734 Cedar Ln,Arlington,Franklin,NJ,43961,organic,555-188-4045,M,1974-08-16,2025-10-18,1,,eid860,O,R,example.com,finance,reviews,46.996988,-102.616024,2026-03-21,US,2105,"25,2",0,vendor_b,mary,müller,43961
861,,Laura,Martin,850 Oak Ave,Georgetown,Jefferson,AZ,85288,organic,555-687-8541,M,1993-03-06,2025-08-25,0,,eid861,B,R,inbox.co,health,reviews,44.937075,-74.886668,2026-07-14,US,4462,"10,26",0,vendor_b,laura,martin,85288
862,user862@inbox.co,Sophia,Wilson,9643 Pine Rd,Springfield,Adams,WY,83494,affiliate,555-378-9556,F,1968-08-21,2025-07-08,1,,eid862,A,R,webmail.net,tech,deals,30.362560,-118.270411,2026-07-18,US,3256,"27,2",1,partner_c,sophia,wilson,83494
863,user863@webmail.net,Mark,Moore,2652 Main St,Georgetown,Adams,PA,18213,partner,555-882-9113,M,1995-08-11,2025-11-19,1,,eid863,O,R,testmail.org,auto,news,47.824521,-107.034874,2026-03-26,US,3876,"43,12",1,vendor_b,mark,moore,18213
864,,Anna,Wilson,9200 Maple Dr,Riverside,Monroe,IA,52625,social,555-247-3756,M,1948-11-13,2025-04-26,1,,eid864,A,O,inbox.co,auto,reviews,24.558893,-105.958518,2026-03-14,US,740,"20,38",0,partner_c,anna,wilson,52625
865,user865@company.io,Olivia,Wilson,6643 Pine Rd,Fairview,Franklin,LA,70256,organic,555-192-7255,M,1959-06-03,2025-06-01,0,,eid865,A,R,inbox.co,auto,reviews,30.561988,-113.986853,2026-04-22,US,4155,"38,25",0,vendor_b,olivia,wilson,70256
866,user866@inbox.co,Müller,Walker,2133 Oak Ave,Clinton,Washington,DC,03217,affiliate,555-292-3312,F,1996-06-13,2025-11-20,0,,eid866,H,R,testmail.org,auto,trends,44.771418,-113.796725,2026-08-11,US,926,"4,28",1,vendor_b,müller,walker,03217
867,user867@company.io,Linda,Moore,4805 Oak Ave,Salem,Monroe,AL,35653,organic,555-888-1136,M,1945-07-14,2025-06-05,1,,eid867,W,O,testmail.org,sports,news,30.639138,-112.853245,2026-08-26,US,2073,"40,6",0,partner_c,linda,moore,35653
868,,Laura,Taylor,2137 Elm Blvd,,Montgomery,SC,29680,organic,555-169-5352,F,1995-03-12,2025-07-10,0,,eid868,B,R,testmail.org,health,guides,45.873828,-86.199471,2026-07-27,US,4626,"41,25",1,vendor_a,laura,taylor,29680
869,  user869@inbox.co  ,James,Lewis,3819 Cedar Ln,Salem,Washington,,53506,affiliate,555-988-8936,F,1985-06-12,2025-09-27,0,,eid869,H,R,example.com,sports,trends,36.214698,-81.046444,2026-06-14,US,3798,"43,48",0,vendor_b,james,lewis,53506
870,,Daniel,Scott,7566 Elm Blvd,Fairview,Lincoln,CO,12A45,social,555-465-4423,F,1955-07-20,2025-11-14,0,,eid870,O,R,example.com,auto,guides,41.566326,-67.140509,2026-02-13,US,3428,"31,6",1,partner_c,daniel,scott,12A45
871,user871@inbox.co,Sample,Taylor,6050 River Rd,Fairview,Clay,VT,05114,social,555-392-4585,M,1962-09-16,2025-02-18,1,,eid871,O,O,example.com,tech,deals,47.365689,-94.538367,2026-01-28,US,1771,"1,13",1,partner_c,sample,taylor,05114
872,user872@company.io,Grace,Young,9948 Lake Dr,Springfield,Marion,SD,46740,social,555-337-2211,M,1962-07-04,2025-08-13,0,,eid872,H,O,testmail.org,sports,news,30.433135,-112.420295,2026-01-10,US,617,"5,36",1,internal,grace,young,46740
873,user873@company.io,Patricia,Miller,3710 Maple Dr,Springfield,,AL,35539,organic,555-720-5324,M,1975-05-20,2025-08-01,1,,eid873,B,R,webmail.net,auto,deals,39.220457,-74.465530,2026-02-24,US,1411,"21,8",0,vendor_b,patricia,miller,35539
874,user874@company.io,Olivia,Wright,2884 Lake Dr,Salem,Monroe,SD,57240,partner,555-978-9058,M,1959-06-14,2025-01-07,0,,eid874,B,O,webmail.net,travel,tips,37.305033,-84.588641,2026-05-15,US,280,"46,13",1,internal,olivia,wright,57240
875,user875@webmail.net,Linda,Adams,7534 Oak Ave,Riverside,Clay,CT,06413,paid-search,555-128-1010,F,1998-04-27,2025-02-26,1,,eid875,W,O,testmail.org,finance,guides,48.789181,-68.640552,2026-08-11,US,39,"28,34",1,vendor_b,linda,adams,06413
876,user876@example.com,Sarah,Young,77 Oak Ave,Clinton,Adams,VA,23460,affiliate,555-270-6293,M,1943-03-05,2025-03-02,1,,eid876,B,R,testmail.org,finance,news,31.380509,-98.041104,2026-08-22,US,2401,"41,4",1,partner_c,sarah,young,23460
877,user877@company.io,Brian,Martin,1190 Sunset Ave,,Adams,NH,03307,partner,555-136-8456,M,1975-11-17,2025-04-07,0,,eid877,B,O,example.com,finance,deals,29.882987,-76.010599,2026-03-13,US,4355,"30,9",0,vendor_b,brian,martin,03307
878,user878@example.com,Eric,Green,3795 River Rd,Arlington,Jefferson,MT,90328,partner,555-685-9575,F,1948-01-23,2025-02-15,0,,eid878,A,R,example.com,finance,tips,28.612497,-88.677040,2026-03-11,US,764,"13,8",1,vendor_b,eric,green,90328
879,user@nodot,Grace,Green,6760 Main St,Salem,Jackson,AL,36630,affiliate,555-254-7231,M,1991-06-21,2025-03-06,1,,eid879,U,O,company.io,tech,reviews,48.164284,-68.271675,2026-01-17,US,767,"23,38",0,vendor_a,grace,green,36630
880,user880@inbox.co,Robert,Johnson,2244 Maple Dr,Salem,,MD,22116,paid-search,555-826-8490,M,1972-08-22,2025-02-15,0,,eid880,B,R,company.io,auto,news,41.139848,-87.320863,2026-04-16,US,4044,"34,18",1,partner_c,robert,johnson,22116
881,user881@example.com,David,Baker,6383 Elm Blvd,Georgetown,Clay,LA,71977,organic,555-916-2472,F,1997-12-02,2025-12-18,1,,eid881,W,R,inbox.co,sports,tips,43.008221,-105.708617,2026-08-13,US,4027,"39,15",0,partner_c,david,baker,71977
882,user882@company.io,Sophia,Anderson,2739 Sunset Ave,Bristol,Adams,TN,38368,social,555-725-8534,F,1992-09-20,2025-05-03,1,,eid882,W,R,webmail.net,health,deals,38.225913,-92.142596,2026-05-10,US,3416,"12,15",1,vendor_b,sophia,anderson,38368
883,user883@webmail.net,Linda,Young,5985 Main St,Madison,Adams,HI,97811,partner,555-834-5465,M,1969-10-08,2025-09-09,1,,eid883,W,R,example.com,travel,tips,28.422436,-88.505614,2026-07-22,US,2917,"45,17",1,vendor_b,linda,young,97811
884,user884@inbox.co,James,Taylor,8325 Oak Ave,Riverside,Marion,RI,03739,affiliate,555-231-7191,F,1958-08-11,2025-03-22,0,,eid884,O,O,example.com,health,deals,37.663152,-80.094135,2026-07-25,US,2264,"23,6",1,internal,james,taylor,03739
885,user885@company.io,Daniel,Clark,3062 Sunset Ave,Fairview,Jackson,WV,26741,partner,555-333-5930,F,1993-07-08,2025-09-05,0,,eid885,U,O,inbox.co,travel,news,37.469691,-81.297117,2026-04-14,US,2894,"2,26",0,internal,daniel,clark,26741
886,user886@example.com,Abcuser,Martin,7091 Maple Dr,Clinton,Washington,VT,05566,partner,555-738-2369,M,1944-06-15,2025-11-06,1,,eid886,O,O,example.com,auto,trends,44.219367,-94.015011,2026-02-19,US,1821,"27,34",0,vendor_a,abcuser,martin,05566
887,user887@inbox.co,Grace,Walker,5470 Maple Dr,Clinton,,CA,93115,organic,555-779-2601,M,1955-04-27,2025-04-15,1,,eid887,A,R,company.io,auto,deals,37.308795,-106.055619,2026-01-26,US,3208,"19,19",0,partner_c,grace,walker,93115
888,,David,Young,4099 Maple Dr,Salem,Jefferson,TN,00USA,paid-search,555-404-7294,M,1999-05-10,2025-12-17,1,,eid888,H,O,webmail.net,auto,trends,26.794934,-121.900105,2026-08-27,US,3012,"19,24",1,internal,david,young,00USA
889,  user889@testmail.org  ,Sarah,Anderson,2219 Maple Dr,Clinton,Montgomery,ID,83526,organic,555-268-5381,F,1959-04-13,2025-08-11,0,,eid889,U,R,testmail.org,health,trends,49.127168,-77.878331,2026-05-10,US,1447,"8,36",1,vendor_b,sarah,anderson,83526
890,user890@inbox.co,Laura,Jean-Pierre,5960 Hill St,Georgetown,Montgomery,AZ,85629,partner,555-462-4947,F,1972-07-10,2025-05-01,1,,eid890,U,R,webmail.net,finance,trends,34.694802,-115.370775,2026-06-12,US,3666,"39,17",0,partner_c,laura,jean-pierre,85629
891,user891@example.com,Paul,qqqq,1289 Lake Dr,Franklin,Adams,ca,93265,social,555-421-1671,F,1977-04-08,2025-01-10,1,,eid891,U,R,inbox.co,auto,trends,40.944078,-66.373757,2026-02-13,US,3786,"14,33",1,internal,paul,qqqq,93265
892,user892@testmail.org,Olivia,Lewis,6208 Cedar Ln,Riverside,,KY,41381,affiliate,555-104-9893,M,1982-07-27,2025-11-16,0,,eid892,A,R,testmail.org,home,reviews,35.428866,-117.495631,2026-08-26,US,3942,"27,43",0,partner_c,olivia,lewis,41381
893,user893@testmail.org,Patricia,Scott,7726 Lake Dr,Greenville,Jackson,sc,29225,social,555-170-2843,M,1966-10-01,2025-10-18,1,,eid893,A,R,testmail.org,sports,tips,32.571218,-123.262164,2026-07-13,US,1091,"36,15",0,vendor_b,patricia,scott,29225
894,user894@company.io,Hannah,Johnson,9675 Lake Dr,Madison,Adams,MT,59905,affiliate,555-803-9275,F,1958-09-09,2025-09-24,1,,eid894,A,O,company.io,health,tips,43.564008,-105.768960,2026-07-17,US,192,"37,40",0,vendor_a,hannah,johnson,59905
895,user895@example.com,Sarah,Martin,4512 Hill St,Georgetown,Monroe,ND,58582,organic,555-318-9233,F,1978-05-21,2025-12-23,0,,eid895,U,R,testmail.org,travel,deals,47.059895,-89.623595,2026-02-14,US,3529,"46,16",1,internal,sarah,martin,58582
896,user896@inbox.co,James,Thomas,7376 Oak Ave,Georgetown,Adams,MN,015 8,partner,555-620-1434,M,1989-10-13,2025-07-01,1,,eid896,H,R,company.io,finance,guides,41.361642,-103.184946,2026-05-14,US,2758,"7,2",0,vendor_a,james,thomas,015 8
897,  user897@example.com  ,Paul,Martin,5676 Hill St,Riverside,Marion,LA,70296,partner,555-985-6277,F,1980-07-05,2025-09-04,1,,eid897,W,O,inbox.co,auto,deals,45.732803,-95.243790,2026-05-19,US,4840,"21,31",1,partner_c,paul,martin,70296
898,user898@testmail.org,Chloe,Scott,7273 Maple Dr,Fairview,Marion,AK,99370,organic,555-935-2111,F,1954-08-23,2025-07-01,1,,eid898,B,O,webmail.net,travel,guides,26.636824,-66.227574,2026-01-11,US,2223,"5,17",1,vendor_b,chloe,scott,99370
899,  user899@webmail.net  ,Mark,Walker,4128 Elm Blvd,Bristol,Washington,AR,71468,paid-search,555-269-9133,M,1958-06-18,2025-10-27,0,,eid899,O,O,example.com,finance,reviews,33.458113,-68.147785,2026-03-10,US,4427,"29,19",0,vendor_a,mark,walker,71468
900,user900@inbox.co,Chloe,Anderson,4991 Pine Rd,,Marion,MO,65584,partner,555-645-7646,F,1996-02-01,2025-07-28,0,,eid900,O,O,webmail.net,home,guides,39.828522,-85.862041,2026-05-22,US,3423,"40,13",0,vendor_a,chloe,anderson,65584
901,user901@inbox.co,Mary-Jane,Adams,2694 Elm Blvd,Franklin,,AK,99705,social,555-375-2471,M,1946-10-22,2025-12-18,0,,eid901,H,R,inbox.co,finance,guides,42.815715,-75.406862,2026-03-10,US,1176,"35,8",1,partner_c,mary-jane,adams,99705
902,user902@company.io,Linda,King,8103 Elm Blvd,Riverside,Clay,DC,07836,organic,555-515-5632,F,1959-01-20,2025-07-08,1,,eid902,H,O,inbox.co,home,trends,45.329736,-85.782753,2026-06-18,US,984,"3,31",1,internal,linda,king,07836
903,user903@testmail.org,aaaa,Lewis,8135 Lake Dr,Springfield,Marion,NC,27725,paid-search,555-577-7774,F,1961-06-23,2025-05-12,1,,eid903,O,O,webmail.net,auto,reviews,38.059680,-117.328161,2026-05-27,US,4595,"45,13",0,partner_c,aaaa,lewis,27725
904,  user904@example.com  ,Kevin,Johnson,,Arlington,Clay,OH,45726,partner,555-880-3411,M,1987-12-15,2025-12-24,0,,eid904,A,R,company.io,home,tips,43.265896,-88.485031,2026-08-26,US,3883,"33,46",0,internal,kevin,johnson,45726
905,user905@testmail.org,André,Hall,1029 Main St,Madison,Jackson,NH,03230,social,555-570-7527,M,1988-04-25,2025-09-09,1,,eid905,H,O,company.io,sports,tips,37.534959,-83.484117,2026-03-10,US,2070,"23,17",0,partner_c,andré,hall,03230
906,user906@testmail.org,Mary,Moore,9608 Sunset Ave,Bristol,Washington,NJ,07257,affiliate,555-946-8454,F,1972-04-03,2025-02-04,0,,eid906,B,R,webmail.net,home,trends,24.305904,-73.908310,2026-04-19,,3246,"45,39",1,vendor_a,mary,moore,07257
907,user907@webmail.net,Emily,Qwerty,1863 Hill St,Georgetown,Jackson,VT,05550,affiliate,555-290-6006,M,1965-01-24,2025-10-06,0,,eid907,U,R,testmail.org,travel,news,41.103065,-103.821241,2026-08-27,,3988,"39,41",1,internal,emily,qwerty,05550
908,user908@inbox.co,Jason,Miller,3018 Oak Ave,Springfield,Jackson,MS,39332,affiliate,555-228-3184,M,1969-02-12,2025-12-28,1,,eid908,A,R,company.io,home,deals,40.471573,-115.121197,2026-01-24,,3472,"32,48",1,partner_c,jason,miller,39332
909,user909@company.io,Linda,Thomas,1906 Elm Blvd,Madison,Lincoln,,41472,organic,555-943-4332,M,1978-12-26,2025-05-15,1,,eid909,H,O,inbox.co,auto,tips,37.819318,-74.986283,2026-02-13,US,474,"28,12",1,partner_c,linda,thomas,41472
910,user910@company.io,Olivia,Asdf,402 Main St,Franklin,Montgomery,AL,36944,paid-search,555-670-8525,F,1972-08-16,2025-02-23,0,,eid910,A,R,company.io,finance,guides,32.626762,-93.256213,2026-05-16,US,3411,"48,28",0,vendor_b,olivia,asdf,36944
911,user911@company.io,Emily,Moore,7472 Cedar Ln,Riverside,Jefferson,AK,123456,affiliate,555-627-2118,M,1991-11-23,2025-01-10,0,,eid911,W,O,webmail.net,finance,trends,24.040418,-104.689245,2026-02-28,US,189,"33,19",0,vendor_a,emily,moore,123456
912,user912@company.io,Patricia,Smith,4861 Cedar Ln,Greenville,Jackson,VI,91987,paid-search,555-125-3183,M,1972-02-13,2025-03-26,1,,eid912,U,R,webmail.net,sports,news,42.873234,-119.352007,2026-03-17,US,3170,"14,8",1,vendor_b,patricia,smith,91987
913,user913@company.io,Linda,Jackson,6999 Cedar Ln,Fairview,Jackson,WI,54878,affiliate,555-430-6746,M,1952-07-25,2025-06-10,0,,eid913,O,O,company.io,home,news,48.874324,-89.121752,2026-03-25,US,4107,"49,15",1,vendor_b,linda,jackson,54878
914,user name@x.com,Eric,Lewis,7888 Lake Dr,Clinton,Montgomery,WA,98872,partner,555-172-9855,F,1976-12-16,2025-01-25,0,,eid914,B,R,example.com,tech,deals,37.327062,-119.236749,2026-06-16,US,1335,"37,26",0,vendor_a,eric,lewis,98872
915,user915@testmail.org,Sophia,Lee,7072 Lake Dr,Greenville,Monroe,WA,99249,paid-search,555-198-4798,M,1953-09-08,2025-05-03,1,,eid915,W,R,inbox.co,finance,news,41.942460,-119.452919,2026-03-12,US,888,"21,2",0,vendor_b,sophia,lee,99249
916,user916@webmail.net,Sarah,Jackson,7602 Maple Dr,Bristol,Washington,MN,56592,paid-search,555-729-5803,M,1956-05-17,2025-06-13,1,,eid916,H,R,company.io,tech,tips,25.159321,-120.042378,2026-02-26,US,2884,"33,25",0,vendor_b,sarah,jackson,56592
917,user917@webmail.net,Jason,Moore,1759 River Rd,Franklin,Washington,VT,05737,partner,555-344-7952,M,1955-05-12,2025-04-02,1,,eid917,W,O,inbox.co,auto,guides,48.180712,-82.180974,2026-04-11,US,2151,"36,19",1,partner_c,jason,moore,05737
918,user918@inbox.co,Linda,Smith,3557 Elm Blvd,,Adams,TX,75425,partner,555-717-1479,M,1962-08-24,2025-01-20,0,,eid918,O,O,webmail.net,tech,guides,41.989235,-73.163497,2026-08-24,US,2712,"15,37",1,vendor_a,linda,smith,75425
919,user919@example.com,Eric,Abcuser,2910 Cedar Ln,Fairview,Washington,ID,83746,social,555-882-6772,F,1944-02-07,2025-02-07,0,,eid919,U,O,inbox.co,auto,trends,41.504845,-82.440054,2026-02-12,US,2346,"19,42",1,internal,eric,abcuser,83746
920,user920@testmail.org,Daniel,Young,8959 Hill St,Riverside,Washington,TX,78781,partner,555-242-5219,F,1990-12-21,2025-11-11,0,,eid920,H,O,webmail.net,tech,trends,30.611308,-113.995169,2026-07-25,US,1036,"48,5",1,partner_c,daniel,young,78781
921,user921@webmail.net,Kevin,Anderson,4467 Lake Dr,Madison,Jefferson,VT,05815,organic,555-408-9916,M,1954-04-03,2025-09-24,1,,eid921,A,R,company.io,sports,tips,37.481201,-89.528299,2026-04-20,US,282,"31,41",0,vendor_b,kevin,anderson,05815
922,user922@testmail.org,Jason,Brown,2891 Lake Dr,Arlington,Franklin,DE,19519,social,555-171-3086,F,1985-12-08,2025-08-06,1,,eid922,B,R,example.com,tech,reviews,28.902116,-86.612517,2026-05-20,US,1794,"27,49",1,internal,jason,brown,19519
923,,Olivia,Garcia,4934 Maple Dr,Georgetown,Jackson,AR,,social,555-458-8627,F,1995-11-25,2025-05-18,1,,eid923,U,R,webmail.net,home,tips,26.375793,-66.591638,2026-07-27,US,2246,"6,39",1,vendor_a,olivia,garcia,
924,user924@testmail.org,Paul,Lewis,1752 Maple Dr,Franklin,Adams,NE,13153,affiliate,555-911-6801,M,1964-02-01,2025-04-21,0,,eid924,U,O,inbox.co,auto,guides,46.413614,-100.151962,2026-04-18,US,4444,"29,43",1,vendor_b,paul,lewis,13153
925,user@@double.com,Patricia,Brown,6598 Lake Dr,Madison,Franklin,FL,33932,partner,555-361-6366,M,1996-08-13,2025-09-14,0,,eid925,U,R,company.io,sports,reviews,46.859865,-124.494060,2026-08-22,US,295,"44,10",0,vendor_a,patricia,brown,33932
926,user926@webmail.net,Kevin,Hall,6503 Oak Ave,Riverside,Marion,GA,0,social,555-503-5726,F,1992-08-08,2025-04-25,1,,eid926,A,R,company.io,tech,guides,42.329398,-102.085988,2026-02-14,US,865,"32,18",0,vendor_b,kevin,hall,0
927,user927@webmail.net,Daniel,xx,351 Cedar Ln,Arlington,,ID,83198,affiliate,555-108-8555,F,1971-08-06,2025-04-20,1,,eid927,U,O,webmail.net,tech,tips,38.609892,-67.532927,2026-06-26,US,3284,"15,11",0,partner_c,daniel,xx,83198
928,user928@inbox.co,Sarah,Adams,,,Monroe,OR,44310,organic,555-126-1144,M,1945-07-28,2025-02-04,0,,eid928,A,O,webmail.net,travel,guides,44.553200,-93.794556,2026-08-27,US,929,"40,38",0,partner_c,sarah,adams,44310
929,user929@inbox.co,Abcuser,Wright,3806 Cedar Ln,Greenville,Lincoln,ID,83239,organic,555-124-7429,M,1969-12-14,2025-12-20,1,,eid929,H,R,company.io,auto,trends,42.116692,-74.440027,2026-08-21,US,526,"37,6",0,internal,abcuser,wright,83239
930,user930@webmail.net,Sjöberg,Unknown,742 Elm Blvd,Bristol,Monroe,,29192,social,555-452-8859,F,1988-02-21,2025-12-09,1,,eid930,A,O,testmail.org,finance,deals,34.451045,-122.750528,2026-04-18,US,2820,"35,44",1,vendor_b,sjöberg,unknown,29192
931,user931@webmail.net,Grace,Baker,7955 Maple Dr,Franklin,,,015 8,partner,555-733-7865,F,1987-03-16,2025-03-16,1,,eid931,U,O,example.com,finance,deals,39.465687,-67.499975,2026-08-25,US,4275,"15,8",0,internal,grace,baker,015 8
932,user932@example.com,Chloe,Martin,3327 Cedar Ln,Madison,,NH,03518,affiliate,555-877-9639,F,1969-06-23,2025-10-23,0,,eid932,A,R,inbox.co,travel,reviews,37.724052,-111.591731,2026-05-17,US,4800,"39,21",1,partner_c,chloe,martin,03518
933,user933@company.io,David,Thomas,324 Pine Rd,Clinton,,MS,38834,organic,555-114-1127,M,1969-02-08,2025-10-07,0,,eid933,U,R,inbox.co,tech,tips,39.783257,-69.781857,2026-06-15,US,909,"16,36",0,vendor_a,david,thomas,38834
934,user934@company.io,James,Young,1418 Lake Dr,Georgetown,Montgomery,IA,51743,partner,555-241-8150,M,1945-05-11,2025-05-24,0,,eid934,H,O,example.com,travel,reviews,27.053733,-120.312507,2026-05-25,US,82,"35,13",1,vendor_b,james,young,51743
935,user935@inbox.co,Laura,Jean-Pierre,4122 Pine Rd,Bristol,Clay,IN,47837,paid-search,555-677-9820,F,1972-02-28,2025-04-07,1,,eid935,B,R,example.com,auto,trends,41.947611,-95.759810,2026-07-13,US,3736,"49,15",0,internal,laura,jean-pierre,47837
936,user936@testmail.org,Laura,Wilson,6507 Elm Blvd,Riverside,Lincoln,OK,74931,affiliate,555-930-3370,F,1993-12-20,2025-06-28,1,,eid936,U,R,company.io,tech,tips,25.504422,-105.656467,2026-05-23,US,2346,"11,20",1,vendor_a,laura,wilson,74931
937,user937@example.com,Paul,Adams,4025 Lake Dr,Franklin,Montgomery,FL,33341,organic,555-209-9616,F,1944-07-18,2025-01-16,1,,eid937,A,R,company.io,travel,tips,31.749391,-116.815844,2026-05-22,US,4173,"14,30",1,partner_c,paul,adams,33341
938,user938@company.io,Grace,Miller,6450 Main St,Clinton,Washington,CO,80652,social,555-490-8558,M,1999-04-23,2025-09-11,1,,eid938,O,R,inbox.co,travel,news,28.994311,-66.063984,2026-07-28,US,3073,"11,35",0,vendor_a,grace,miller,80652
939,user939@example.com,Linda,Sjöberg,409 Main St,Riverside,Washington,NC,28931,partner,555-519-9682,M,1998-02-07,2025-02-09,1,,eid939,A,R,testmail.org,tech,guides,32.388129,-120.458259,2026-06-16,US,3375,"35,13",1,internal,linda,sjöberg,28931
940,,Sophia,Thomas,7804 Maple Dr,Franklin,Adams,74,50365,paid-search,555-295-7417,M,1986-01-09,2025-11-03,1,,eid940,A,R,webmail.net,travel,trends,47.061951,-114.191948,2026-06-12,US,3007,"20,29",0,partner_c,sophia,thomas,50365
941,user941@example.com,Paul,Green,3071 Cedar Ln,Springfield,Clay,AR,71211,affiliate,555-397-8865,F,1951-03-07,2025-12-18,1,,eid941,U,O,testmail.org,finance,trends,35.562564,-111.055466,2026-01-27,US,1205,"10,49",1,vendor_a,paul,green,71211
942,user942@testmail.org,Robert,Lewis,9192 Maple Dr,Greenville,Jackson,HI,97626,partner,555-983-8004,F,1971-09-17,2025-08-07,0,,eid942,B,R,webmail.net,auto,deals,40.751150,-110.995721,2026-04-27,US,3038,"30,42",0,vendor_b,robert,lewis,97626
943,user943@testmail.org,François,King,5061 Pine Rd,Arlington,Montgomery,DC,40679,social,555-581-7655,M,1977-03-12,2025-04-05,1,,eid943,B,O,webmail.net,sports,deals,48.751232,-75.723892,2026-03-20,US,4346,"23,32",0,partner_c,françois,king,40679
944,..@..,bbbb,Jackson,7217 River Rd,Clinton,Marion,NV,88992,affiliate,555-166-2034,F,1942-01-14,2025-12-05,1,,eid944,W,R,example.com,sports,tips,31.023464,-86.413664,2026-07-22,US,404,"30,38",0,partner_c,bbbb,jackson,88992
945,user945@company.io,Daniel,Walker,8572 Sunset Ave,,Monroe,ND,58367,partner,555-502-2091,M,1984-02-22,2025-01-25,0,,eid945,A,R,testmail.org,sports,trends,38.477023,-120.657717,2026-05-21,US,4309,"15,44",0,vendor_b,daniel,walker,58367
946,,Kevin,Green,9845 Elm Blvd,Fairview,Adams,WI,54687,social,555-361-6772,F,1968-05-26,2025-11-13,0,,eid946,O,O,webmail.net,tech,tips,34.377793,-68.957337,2026-06-22,US,36,"39,7",0,vendor_b,kevin,green,54687
947,user947@inbox.co,Laura,Martin,4450 Pine Rd,Riverside,,NV,88957,affiliate,555-447-3748,F,1969-10-09,2025-11-03,0,,eid947,O,O,company.io,finance,deals,45.621596,-112.513909,2026-05-10,US,1694,"32,11",0,vendor_a,laura,martin,88957
948,user948@example.com,Olivia,Johnson,2126 Hill St,Greenville,,IN,47303,social,555-818-6224,M,1942-05-20,2025-05-28,1,,eid948,O,R,example.com,finance,tips,31.537978,-102.395317,2026-07-16,US,1876,"48,43",0,vendor_a,olivia,johnson,47303
949,not-an-email,Emily,Hall,8220 Main St,Clinton,Monroe,NV,88841,affiliate,555-481-4314,F,1954-09-10,2025-12-27,1,,eid949,A,R,webmail.net,health,deals,26.706249,-92.464384,2026-01-18,US,851,"46,41",1,internal,emily,hall,88841
950,user950@testmail.org,Anna,q,3441 Lake Dr,Greenville,Adams,MD,21737,affiliate,555-848-2138,F,1963-07-02,2025-04-04,0,,eid950,A,R,testmail.org,travel,deals,36.961451,-74.901308,2026-04-24,US,4215,"5,33",0,partner_c,anna,q,21737
951,user951@inbox.co,Emily,Smith,,Salem,Adams,KS,67683,paid-search,555-196-8949,M,1984-01-03,2025-06-16,1,,eid951,H,O,example.com,health,reviews,41.024328,-106.825346,2026-05-12,US,257,"10,11",0,internal,emily,smith,67683
952,user952@example.com,Paul,François,9300 Hill St,Georgetown,Marion,NV,89494,organic,555-399-2877,F,1942-10-12,2025-06-20,1,,eid952,A,O,inbox.co,sports,news,44.486671,-101.155462,2026-06-21,US,276,"18,40",1,vendor_a,paul,françois,89494
953,user953@inbox.co,James,Dummy,3913 Main St,Springfield,Adams,KS,66420,affiliate,555-715-1484,F,1940-11-15,2025-03-28,0,,eid953,U,R,company.io,health,news,41.480226,-108.036441,2026-06-24,US,2947,"39,49",0,internal,james,dummy,66420
954,user954@testmail.org,Anna,q,9249 Lake Dr,Franklin,Marion,VI,96196,paid-search,555-681-8110,M,1984-12-27,2025-03-13,1,,eid954,W,O,company.io,health,tips,29.347503,-87.357896,2026-06-15,US,384,"21,10",1,partner_c,anna,q,96196
955,user955@company.io,xx,Thomas,4613 Elm Blvd,Greenville,,AK,99535,paid-search,555-630-9365,M,1969-02-14,2025-04-18,1,,eid955,W,O,testmail.org,tech,news,32.740173,-111.962159,2026-04-22,US,2101,"27,12",0,partner_c,xx,thomas,99535
956,user956@company.io,Grace,Anne-Marie,7848 Lake Dr,,Adams,MD,12A45,affiliate,555-310-3329,M,1961-01-24,2025-06-24,1,,eid956,O,O,webmail.net,finance,deals,30.662105,-108.575486,2026-07-26,US,1206,"39,10",1,partner_c,grace,anne-marie,12A45
957,user957@webmail.net,A,Asdf,611 Main St,Franklin,Lincoln,HI,96336,social,555-435-7207,F,1983-01-01,2025-07-12,1,,eid957,A,R,inbox.co,health,reviews,31.837432,-104.709741,2026-03-24,US,273,"47,4",0,partner_c,a,asdf,96336
958,user958@company.io,Sarah,Lee,3572 Cedar Ln,Greenville,Monroe,HI,97377,paid-search,555-728-8259,F,1976-05-23,2025-02-22,0,,eid958,U,R,inbox.co,health,deals,48.520276,-73.235216,2026-05-26,US,971,"20,14",1,vendor_b,sarah,lee,97377
959,user959@testmail.org,Andrew,Scott,1001 Lake Dr,Arlington,Adams,wy,83412,affiliate,555-132-3928,M,1967-09-05,2025-07-07,1,,eid959,W,R,testmail.org,auto,deals,27.128645,-99.250526,2026-07-10,US,601,"47,4",1,internal,andrew,scott,83412
960,user960@webmail.net,Kevin,Anderson,9708 Cedar Ln,Madison,Montgomery,ME,04441,affiliate,555-337-2595,M,1954-07-23,2025-11-01,1,,eid960,H,R,webmail.net,travel,reviews,40.344188,-111.270545,2026-01-26,US,3823,"37,21",1,internal,kevin,anderson,04441
961,user961@webmail.net,Sophia,Garcia,6616 Main St,Fairview,Lincoln,VI,,social,555-333-8026,F,1958-12-17,2025-08-01,0,,eid961,O,R,inbox.co,auto,reviews,24.358184,-118.242381,2026-08-16,US,2863,"28,6",0,vendor_a,sophia,garcia,
962,user962@example.com,Andrew,André,3580 Sunset Ave,Salem,Jefferson,HI,97981,social,555-942-2446,F,1968-03-06,2025-02-26,1,,eid962,H,R,webmail.net,auto,tips,24.248057,-104.097474,2026-06-16,US,2827,"19,37",0,internal,andrew,andré,97981
963,user963@example.com,Jason,Martin,7543 Sunset Ave,Salem,,XX,37792,affiliate,555-518-3048,F,1979-12-19,2025-09-21,1,,eid963,A,R,webmail.net,auto,reviews,27.215896,-66.193007,2026-03-22,US,4223,"12,31",1,partner_c,jason,martin,37792
964,user964@inbox.co,Robert, ,5687 Elm Blvd,Franklin,Montgomery,IA,38506,affiliate,555-938-8579,F,1991-06-13,2025-02-08,1,,eid964,W,O,company.io,sports,guides,40.186250,-87.157457,2026-01-28,US,2186,"5,28",1,vendor_b,robert, ,38506
965,user965@example.com,James,José,8185 Cedar Ln,Georgetown,Jefferson,TX,78415,partner,555-582-9455,M,1971-12-11,2025-07-08,1,,eid965,A,R,example.com,sports,news,35.910123,-74.486291,2026-06-11,US,1084,"33,39",0,internal,james,josé,78415
966,user966@company.io,Robert,Young,8706 Pine Rd,Bristol,Jefferson,ZZ,81803,paid-search,555-253-5464,F,1948-12-22,2025-10-11,0,,eid966,O,O,example.com,home,deals,40.173417,-111.845442,2026-05-17,,3808,"42,35",1,vendor_a,robert,young,81803
967,user967@company.io,Asdf,Sjöberg,4917 Oak Ave,Georgetown,Clay,MA,02878,affiliate,555-196-3587,F,1951-04-03,2025-05-04,0,,eid967,W,O,example.com,sports,tips,36.236685,-92.730587,2026-02-19,US,3792,"4,33",0,partner_c,asdf,sjöberg,02878
968,user968@inbox.co,Andrew,Scott,4773 Oak Ave,Fairview,,MS,02495,social,555-351-2612,M,1985-02-21,2025-07-08,0,,eid968,B,O,testmail.org,finance,tips,29.817913,-99.203652,2026-01-22,US,4138,"17,30",1,internal,andrew,scott,02495
969,user969@company.io,Linda,Martin,,Franklin,Clay,WV,24757,organic,555-713-2514,F,1945-09-01,2025-06-26,1,,eid969,B,R,testmail.org,travel,news,46.315512,-98.083572,2026-03-20,US,3545,"49,3",0,partner_c,linda,martin,24757
970,user970@testmail.org,James,Moore,8793 Pine Rd,Salem,Jackson,ND,37128,paid-search,555-274-6245,F,1959-06-20,2025-10-10,1,,eid970,U,R,testmail.org,home,tips,33.098526,-73.166296,2026-02-21,US,2003,"43,33",1,vendor_a,james,moore,37128
971,,Grace,Wright,4317 Sunset Ave,Riverside,Franklin,DC,20103,paid-search,555-700-3894,M,1998-07-18,2025-11-15,1,,eid971,B,R,testmail.org,home,guides,43.844223,-114.430302,2026-07-17,US,2091,"11,26",1,vendor_b,grace,wright,20103
972,user972@example.com,Daniel,xx,4116 Lake Dr,Riverside,Jackson,ND,58267,social,555-576-2198,M,1980-08-21,2025-12-21,1,,eid972,H,O,testmail.org,sports,deals,30.653265,-102.277644,2026-05-15,US,2470,"49,35",1,vendor_b,daniel,xx,58267
973,user973@example.com,Patricia,Baker,5693 Elm Blvd,Arlington,Clay,TX,63779,organic,555-999-4659,M,1973-01-02,2025-09-17,0,,eid973,O,O,inbox.co,sports,guides,25.089768,-122.709395,2026-03-10,US,2705,"36,26",0,vendor_a,patricia,baker,63779
974,user974@inbox.co,Robert,Miller,7617 Hill St,,Washington,NV,89862,social,555-230-7674,M,1999-03-18,2025-06-08,1,,eid974,H,R,example.com,finance,deals,33.145815,-80.951462,2026-07-16,US,3780,"8,2",0,vendor_b,robert,miller,89862
975,user975@company.io,Anna, ,380 Oak Ave,Riverside,Jefferson,ND,58437,social,555-683-5263,F,1981-07-02,2025-01-01,0,,eid975,H,R,example.com,auto,deals,32.098192,-88.112282,2026-02-26,US,3745,"28,18",0,vendor_a,anna, ,58437
976,user976@inbox.co,Kevin,Smith,4627 Pine Rd,Greenville,Franklin,MA,02676,organic,555-461-3825,F,1984-03-04,2025-05-16,1,,eid976,W,R,company.io,travel,news,27.738646,-80.051777,2026-02-19,US,4129,"40,18",0,vendor_b,kevin,smith,02676
977,user977@testmail.org,Kevin,Adams,5413 Hill St,Bristol,,WA,99862,social,555-202-2711,M,1990-10-01,2025-10-12,1,,eid977,A,R,testmail.org,finance,reviews,32.060926,-71.774752,2026-06-23,US,1538,"2,12",1,internal,kevin,adams,99862
978,  user978@testmail.org  ,Kevin,xx,9081 Hill St,Franklin,,KS,0,partner,555-371-1748,F,1983-04-13,2025-06-23,0,,eid978,O,O,example.com,finance,reviews,31.234378,-87.477305,2026-04-20,US,1573,"28,49",1,partner_c,kevin,xx,0
979,user979@webmail.net,Linda,Abcuser,6738 River Rd,Georgetown,Marion,67,98722,social,555-987-2668,F,1987-03-08,2025-12-04,0,,eid979,B,O,inbox.co,health,trends,31.396340,-99.937340,2026-06-28,US,2988,"8,45",1,partner_c,linda,abcuser,98722
980,user980@inbox.co,Daniel,King,931 Cedar Ln,Greenville,Clay,WA,99692,organic,555-212-9188,M,1991-10-25,2025-02-03,0,,eid980,B,O,inbox.co,tech,guides,34.823497,-73.796521,2026-05-12,US,4517,"36,21",0,internal,daniel,king,99692
981,@missinglocal,Patricia,Test,4472 Pine Rd,Springfield,Franklin,VT,05625,social,555-820-8119,F,1998-02-22,2025-04-06,1,,eid981,O,O,inbox.co,home,guides,40.647760,-73.499408,2026-02-26,US,3219,"7,38",0,vendor_a,patricia,test,05625
982,user982@company.io,Jason,Moore,616 River Rd,Clinton,Montgomery,SD,04429,partner,555-673-1718,F,1961-03-01,2025-11-14,1,,eid982,O,R,testmail.org,health,tips,33.579285,-104.584274,2026-01-10,US,2177,"20,1",0,vendor_b,jason,moore,04429
983,user983@webmail.net,Andrew,Thomas,6856 Sunset Ave,Clinton,Marion,GU,32760,partner,555-104-1210,M,1969-10-20,2025-10-26,1,,eid983,H,R,inbox.co,health,trends,27.584591,-105.448244,2026-05-10,US,2466,"16,42",1,vendor_b,andrew,thomas,32760
984,,Emily,Brown,4119 River Rd,Fairview,Marion,TN,38733,paid-search,555-469-7657,F,1974-12-06,2025-03-15,1,,eid984,U,O,testmail.org,sports,trends,24.572440,-83.074832,2026-01-12,US,3524,"23,12",1,vendor_a,emily,brown,38733
985,..@..,Kevin,K,6786 Sunset Ave,Salem,Marion,MS,38348,partner,555-231-9167,F,1961-02-01,2025-08-11,1,,eid985,O,O,company.io,auto,news,27.416419,-83.173971,2026-08-26,,1121,"7,34",0,internal,kevin,k,38348
986,user986@testmail.org,Andrew,Miller,4675 Maple Dr,Riverside,Montgomery,WY,82967,affiliate,555-560-5370,M,1955-07-06,2025-09-19,1,,eid986,W,R,webmail.net,sports,reviews,45.141950,-82.955782,2026-02-12,US,4828,"12,6",1,vendor_b,andrew,miller,82967
987,user987@inbox.co,qqqq,Wright,9363 Elm Blvd,Arlington,Marion,IN,47492,organic,555-830-4984,F,1985-10-03,2025-01-02,0,,eid987,W,R,webmail.net,auto,deals,37.145605,-108.365059,2026-05-21,US,397,"7,17",0,internal,qqqq,wright,47492
988,user988@example.com,James,Garcia,7722 Main St,Clinton,Adams,CT,06406,partner,555-904-7677,M,1947-11-17,2025-04-13,0,,eid988,O,O,example.com,sports,news,36.196203,-102.908625,2026-08-11,US,3803,"44,47",0,internal,james,garcia,06406
989,user989@company.io,Mark,Garcia,6381 Sunset Ave,Clinton,Adams,87,17753,affiliate,555-718-8387,F,1994-06-15,2025-08-21,0,,eid989,A,O,company.io,finance,deals,47.300670,-77.649527,2026-04-12,US,381,"41,19",0,partner_c,mark,garcia,17753
990,user990@testmail.org,James,Clark,926 Elm Blvd,Madison,Clay,MD,22715,organic,555-647-3769,F,1949-06-15,2025-04-13,1,,eid990,W,O,testmail.org,tech,news,49.479902,-96.024931,2026-06-14,US,3420,"15,27",1,vendor_a,james,clark,22715
991,user991@inbox.co,Sjöberg,Green,,Clinton,Lincoln,CT,06723,social,555-164-2968,F,1970-06-13,2025-02-14,1,,eid991,B,O,company.io,finance,guides,42.443088,-95.295705,2026-01-21,US,3920,"17,31",0,vendor_a,sjöberg,green,06723
992,user992@webmail.net,Null,,8861 Cedar Ln,Bristol,Jefferson,CA,92308,social,555-500-3209,F,1996-01-25,2025-09-26,0,,eid992,H,O,inbox.co,health,tips,36.214923,-102.448377,2026-05-17,US,796,"25,40",1,vendor_b,null,,92308
993,user993@inbox.co,Paul,Young,6416 Maple Dr,Bristol,Monroe,TN,37563,social,555-988-8351,M,1990-10-02,2025-12-07,1,,eid993,A,O,example.com,health,tips,44.418066,-73.947553,2026-01-10,US,4224,"10,29",1,internal,paul,young,37563
994,user@@double.com,A,Walker,6971 Pine Rd,,Clay,MD,22592,affiliate,555-810-6224,M,1970-09-22,2025-09-23,1,,eid994,U,R,testmail.org,home,trends,30.376276,-79.115346,2026-04-12,US,4252,"27,8",0,vendor_a,a,walker,22592
995,user995@testmail.org,Mary-Jane,Moore,4361 Sunset Ave,Salem,,UT,84367,social,555-291-7985,F,1976-08-06,2025-12-13,1,,eid995,H,R,inbox.co,sports,guides,29.464330,-75.216262,2026-01-27,US,501,"18,35",0,internal,mary-jane,moore,84367
996,user996@example.com,Linda,Brown,9361 Elm Blvd,Arlington,Adams,VT,05325,affiliate,555-585-3619,M,1999-01-19,2025-09-10,1,,eid996,H,O,company.io,home,reviews,48.681286,-92.949241,2026-08-13,US,1010,"11,36",1,vendor_a,linda,brown,05325
997,user997@company.io,Michael,qqqq,2769 Hill St,Springfield,Monroe,NY,13982,partner,555-871-6481,M,1999-09-22,2025-01-10,1,,eid997,B,R,example.com,auto,tips,34.789547,-115.422758,2026-03-14,,996,"15,3",1,vendor_a,michael,qqqq,13982
998,user998@webmail.net,Chloe,Martin,989 Hill St,Salem,Franklin,IL,62421,partner,555-154-9364,M,1953-11-03,2025-04-24,1,,eid998,O,R,webmail.net,auto,reviews,46.513620,-100.103569,2026-04-19,US,1118,"20,23",0,internal,chloe,martin,62421
999,user999@company.io,Sarah,Garcia,533 Sunset Ave,Riverside,Washington,WY,27214,social,555-633-5509,M,1985-11-12,2025-01-02,1,,eid999,H,O,example.com,tech,news,48.817648,-106.316332,2026-04-28,US,2432,"24,37",0,internal,sarah,garcia,27214
1000,user1000@example.com,Grace,Smith,5882 Main St,Springfield,Marion,WA,98872,paid-search,555-578-3563,M,1981-04-11,2025-01-28,1,,eid1000,U,R,webmail.net,sports,tips,29.074548,-94.674431,2026-05-21,US,3999,"13,9",1,vendor_b,grace,smith,98872
